-- MySQL dump 10.16  Distrib 10.1.13-MariaDB, for Linux (x86_64)
--
-- Host: localhost    Database: proit_slot
-- ------------------------------------------------------
-- Server version	10.1.13-MariaDB

/*!40101 SET @OLD_CHARACTER_SET_CLIENT=@@CHARACTER_SET_CLIENT */;
/*!40101 SET @OLD_CHARACTER_SET_RESULTS=@@CHARACTER_SET_RESULTS */;
/*!40101 SET @OLD_COLLATION_CONNECTION=@@COLLATION_CONNECTION */;
/*!40101 SET NAMES utf8mb4 */;
/*!40103 SET @OLD_TIME_ZONE=@@TIME_ZONE */;
/*!40103 SET TIME_ZONE='+00:00' */;
/*!40014 SET @OLD_UNIQUE_CHECKS=@@UNIQUE_CHECKS, UNIQUE_CHECKS=0 */;
/*!40014 SET @OLD_FOREIGN_KEY_CHECKS=@@FOREIGN_KEY_CHECKS, FOREIGN_KEY_CHECKS=0 */;
/*!40101 SET @OLD_SQL_MODE=@@SQL_MODE, SQL_MODE='NO_AUTO_VALUE_ON_ZERO' */;
/*!40111 SET @OLD_SQL_NOTES=@@SQL_NOTES, SQL_NOTES=0 */;

--
-- Table structure for table `g5_auth`
--

DROP TABLE IF EXISTS `g5_auth`;
/*!40101 SET @saved_cs_client     = @@character_set_client */;
/*!40101 SET character_set_client = utf8 */;
CREATE TABLE `g5_auth` (
  `mb_id` varchar(20) NOT NULL DEFAULT '',
  `au_menu` varchar(20) NOT NULL DEFAULT '',
  `au_auth` set('r','w','d') NOT NULL DEFAULT '',
  PRIMARY KEY (`mb_id`,`au_menu`)
) ENGINE=InnoDB DEFAULT CHARSET=utf8;
/*!40101 SET character_set_client = @saved_cs_client */;

--
-- Dumping data for table `g5_auth`
--

LOCK TABLES `g5_auth` WRITE;
/*!40000 ALTER TABLE `g5_auth` DISABLE KEYS */;
/*!40000 ALTER TABLE `g5_auth` ENABLE KEYS */;
UNLOCK TABLES;

--
-- Table structure for table `g5_autosave`
--

DROP TABLE IF EXISTS `g5_autosave`;
/*!40101 SET @saved_cs_client     = @@character_set_client */;
/*!40101 SET character_set_client = utf8 */;
CREATE TABLE `g5_autosave` (
  `as_id` int(11) NOT NULL AUTO_INCREMENT,
  `mb_id` varchar(20) NOT NULL,
  `as_uid` bigint(20) unsigned NOT NULL,
  `as_subject` varchar(255) NOT NULL,
  `as_content` text NOT NULL,
  `as_datetime` datetime NOT NULL,
  PRIMARY KEY (`as_id`),
  UNIQUE KEY `as_uid` (`as_uid`),
  KEY `mb_id` (`mb_id`)
) ENGINE=InnoDB DEFAULT CHARSET=utf8;
/*!40101 SET character_set_client = @saved_cs_client */;

--
-- Dumping data for table `g5_autosave`
--

LOCK TABLES `g5_autosave` WRITE;
/*!40000 ALTER TABLE `g5_autosave` DISABLE KEYS */;
/*!40000 ALTER TABLE `g5_autosave` ENABLE KEYS */;
UNLOCK TABLES;

--
-- Table structure for table `g5_board`
--

DROP TABLE IF EXISTS `g5_board`;
/*!40101 SET @saved_cs_client     = @@character_set_client */;
/*!40101 SET character_set_client = utf8 */;
CREATE TABLE `g5_board` (
  `bo_table` varchar(20) NOT NULL DEFAULT '',
  `gr_id` varchar(255) NOT NULL DEFAULT '',
  `bo_subject` varchar(255) NOT NULL DEFAULT '',
  `bo_mobile_subject` varchar(255) NOT NULL DEFAULT '',
  `bo_device` enum('both','pc','mobile') NOT NULL DEFAULT 'both',
  `bo_admin` varchar(255) NOT NULL DEFAULT '',
  `bo_list_level` tinyint(4) NOT NULL DEFAULT '0',
  `bo_read_level` tinyint(4) NOT NULL DEFAULT '0',
  `bo_write_level` tinyint(4) NOT NULL DEFAULT '0',
  `bo_reply_level` tinyint(4) NOT NULL DEFAULT '0',
  `bo_comment_level` tinyint(4) NOT NULL DEFAULT '0',
  `bo_upload_level` tinyint(4) NOT NULL DEFAULT '0',
  `bo_download_level` tinyint(4) NOT NULL DEFAULT '0',
  `bo_html_level` tinyint(4) NOT NULL DEFAULT '0',
  `bo_link_level` tinyint(4) NOT NULL DEFAULT '0',
  `bo_count_delete` tinyint(4) NOT NULL DEFAULT '0',
  `bo_count_modify` tinyint(4) NOT NULL DEFAULT '0',
  `bo_read_point` int(11) NOT NULL DEFAULT '0',
  `bo_write_point` int(11) NOT NULL DEFAULT '0',
  `bo_comment_point` int(11) NOT NULL DEFAULT '0',
  `bo_download_point` int(11) NOT NULL DEFAULT '0',
  `bo_use_category` tinyint(4) NOT NULL DEFAULT '0',
  `bo_category_list` text NOT NULL,
  `bo_use_sideview` tinyint(4) NOT NULL DEFAULT '0',
  `bo_use_file_content` tinyint(4) NOT NULL DEFAULT '0',
  `bo_use_secret` tinyint(4) NOT NULL DEFAULT '0',
  `bo_use_dhtml_editor` tinyint(4) NOT NULL DEFAULT '0',
  `bo_select_editor` varchar(50) NOT NULL DEFAULT '',
  `bo_use_rss_view` tinyint(4) NOT NULL DEFAULT '0',
  `bo_use_good` tinyint(4) NOT NULL DEFAULT '0',
  `bo_use_nogood` tinyint(4) NOT NULL DEFAULT '0',
  `bo_use_name` tinyint(4) NOT NULL DEFAULT '0',
  `bo_use_signature` tinyint(4) NOT NULL DEFAULT '0',
  `bo_use_ip_view` tinyint(4) NOT NULL DEFAULT '0',
  `bo_use_list_view` tinyint(4) NOT NULL DEFAULT '0',
  `bo_use_list_file` tinyint(4) NOT NULL DEFAULT '0',
  `bo_use_list_content` tinyint(4) NOT NULL DEFAULT '0',
  `bo_table_width` int(11) NOT NULL DEFAULT '0',
  `bo_subject_len` int(11) NOT NULL DEFAULT '0',
  `bo_mobile_subject_len` int(11) NOT NULL DEFAULT '0',
  `bo_page_rows` int(11) NOT NULL DEFAULT '0',
  `bo_mobile_page_rows` int(11) NOT NULL DEFAULT '0',
  `bo_new` int(11) NOT NULL DEFAULT '0',
  `bo_hot` int(11) NOT NULL DEFAULT '0',
  `bo_image_width` int(11) NOT NULL DEFAULT '0',
  `bo_skin` varchar(255) NOT NULL DEFAULT '',
  `bo_mobile_skin` varchar(255) NOT NULL DEFAULT '',
  `bo_include_head` varchar(255) NOT NULL DEFAULT '',
  `bo_include_tail` varchar(255) NOT NULL DEFAULT '',
  `bo_content_head` text NOT NULL,
  `bo_mobile_content_head` text NOT NULL,
  `bo_content_tail` text NOT NULL,
  `bo_mobile_content_tail` text NOT NULL,
  `bo_insert_content` text NOT NULL,
  `bo_gallery_cols` int(11) NOT NULL DEFAULT '0',
  `bo_gallery_width` int(11) NOT NULL DEFAULT '0',
  `bo_gallery_height` int(11) NOT NULL DEFAULT '0',
  `bo_mobile_gallery_width` int(11) NOT NULL DEFAULT '0',
  `bo_mobile_gallery_height` int(11) NOT NULL DEFAULT '0',
  `bo_upload_size` int(11) NOT NULL DEFAULT '0',
  `bo_reply_order` tinyint(4) NOT NULL DEFAULT '0',
  `bo_use_search` tinyint(4) NOT NULL DEFAULT '0',
  `bo_order` int(11) NOT NULL DEFAULT '0',
  `bo_count_write` int(11) NOT NULL DEFAULT '0',
  `bo_count_comment` int(11) NOT NULL DEFAULT '0',
  `bo_write_min` int(11) NOT NULL DEFAULT '0',
  `bo_write_max` int(11) NOT NULL DEFAULT '0',
  `bo_comment_min` int(11) NOT NULL DEFAULT '0',
  `bo_comment_max` int(11) NOT NULL DEFAULT '0',
  `bo_notice` text NOT NULL,
  `bo_upload_count` tinyint(4) NOT NULL DEFAULT '0',
  `bo_use_email` tinyint(4) NOT NULL DEFAULT '0',
  `bo_use_cert` enum('','cert','adult','hp-cert','hp-adult') NOT NULL DEFAULT '',
  `bo_use_sns` tinyint(4) NOT NULL DEFAULT '0',
  `bo_use_captcha` tinyint(4) NOT NULL DEFAULT '0',
  `bo_sort_field` varchar(255) NOT NULL DEFAULT '',
  `bo_1_subj` varchar(255) NOT NULL DEFAULT '',
  `bo_2_subj` varchar(255) NOT NULL DEFAULT '',
  `bo_3_subj` varchar(255) NOT NULL DEFAULT '',
  `bo_4_subj` varchar(255) NOT NULL DEFAULT '',
  `bo_5_subj` varchar(255) NOT NULL DEFAULT '',
  `bo_6_subj` varchar(255) NOT NULL DEFAULT '',
  `bo_7_subj` varchar(255) NOT NULL DEFAULT '',
  `bo_8_subj` varchar(255) NOT NULL DEFAULT '',
  `bo_9_subj` varchar(255) NOT NULL DEFAULT '',
  `bo_10_subj` varchar(255) NOT NULL DEFAULT '',
  `bo_1` varchar(255) NOT NULL DEFAULT '',
  `bo_2` varchar(255) NOT NULL DEFAULT '',
  `bo_3` varchar(255) NOT NULL DEFAULT '',
  `bo_4` varchar(255) NOT NULL DEFAULT '',
  `bo_5` varchar(255) NOT NULL DEFAULT '',
  `bo_6` varchar(255) NOT NULL DEFAULT '',
  `bo_7` varchar(255) NOT NULL DEFAULT '',
  `bo_8` varchar(255) NOT NULL DEFAULT '',
  `bo_9` varchar(255) NOT NULL DEFAULT '',
  `bo_10` varchar(255) NOT NULL DEFAULT '',
  PRIMARY KEY (`bo_table`)
) ENGINE=InnoDB DEFAULT CHARSET=utf8;
/*!40101 SET character_set_client = @saved_cs_client */;

--
-- Dumping data for table `g5_board`
--

LOCK TABLES `g5_board` WRITE;
/*!40000 ALTER TABLE `g5_board` DISABLE KEYS */;
INSERT INTO `g5_board` VALUES ('excel','community','엑셀 업로드','','both','slot',10,10,10,10,10,10,10,10,10,1,1,0,0,0,0,0,'',0,0,0,0,'',0,0,0,0,0,0,0,1,0,100,60,30,15,15,24,100,600,'basic','basic','_head.php','_tail.php','','','','','',4,202,150,125,100,1048576,1,0,0,-12,0,0,0,0,0,'',2,0,'',0,0,'','','','','','','','','','','','','','','','','','','','',''),('free','community','자유게시판','','both','slot',10,10,10,10,10,10,10,10,10,1,1,-1,5,1,-20,0,'',0,0,0,0,'',0,0,0,0,0,0,0,0,0,100,60,30,15,15,24,100,835,'basic','basic','_head.php','_tail.php','','','','','',4,202,150,125,100,1048576,1,0,0,0,0,0,0,0,0,'',2,0,'',0,0,'','','','','','','','','','','','','','','','','','','','',''),('gallery','community','갤러리','','both','slot',10,10,10,10,10,10,10,10,10,1,1,-1,5,1,-20,0,'',0,0,0,0,'',0,0,0,0,0,0,0,0,0,100,60,30,15,15,24,100,835,'gallery','gallery','_head.php','_tail.php','','','','','',4,202,150,125,100,1048576,1,0,0,0,0,0,0,0,0,'',2,0,'',0,0,'','','','','','','','','','','','','','','','','','','','',''),('notice','community','공지사항','','both','slot',10,10,10,10,10,10,10,10,10,1,1,-1,5,1,-20,0,'',0,0,0,0,'',0,0,0,0,0,0,0,0,0,100,60,30,15,15,24,100,835,'basic','basic','_head.php','_tail.php','','','','','',4,202,150,125,100,1048576,1,0,0,0,0,0,0,0,0,'',2,0,'',0,0,'','','','','','','','','','','','','','','','','','','','',''),('qa','community','질문답변','','both','slot',10,10,10,10,10,10,10,10,10,1,1,-1,5,1,-20,0,'',0,0,0,0,'',0,0,0,0,0,0,0,0,0,100,60,30,15,15,24,100,835,'basic','basic','_head.php','_tail.php','','','','','',4,202,150,125,100,1048576,1,0,0,0,0,0,0,0,0,'',2,0,'',0,0,'','','','','','','','','','','','','','','','','','','','','');
/*!40000 ALTER TABLE `g5_board` ENABLE KEYS */;
UNLOCK TABLES;

--
-- Table structure for table `g5_board_file`
--

DROP TABLE IF EXISTS `g5_board_file`;
/*!40101 SET @saved_cs_client     = @@character_set_client */;
/*!40101 SET character_set_client = utf8 */;
CREATE TABLE `g5_board_file` (
  `bo_table` varchar(20) NOT NULL DEFAULT '',
  `wr_id` int(11) NOT NULL DEFAULT '0',
  `bf_no` int(11) NOT NULL DEFAULT '0',
  `bf_source` varchar(255) NOT NULL DEFAULT '',
  `bf_file` varchar(255) NOT NULL DEFAULT '',
  `bf_download` int(11) NOT NULL,
  `bf_content` text NOT NULL,
  `bf_fileurl` varchar(255) NOT NULL DEFAULT '',
  `bf_thumburl` varchar(255) NOT NULL DEFAULT '',
  `bf_storage` varchar(50) NOT NULL DEFAULT '',
  `bf_filesize` int(11) NOT NULL DEFAULT '0',
  `bf_width` int(11) NOT NULL DEFAULT '0',
  `bf_height` smallint(6) NOT NULL DEFAULT '0',
  `bf_type` tinyint(4) NOT NULL DEFAULT '0',
  `bf_datetime` datetime NOT NULL DEFAULT '0000-00-00 00:00:00',
  PRIMARY KEY (`bo_table`,`wr_id`,`bf_no`)
) ENGINE=InnoDB DEFAULT CHARSET=utf8;
/*!40101 SET character_set_client = @saved_cs_client */;

--
-- Dumping data for table `g5_board_file`
--

LOCK TABLES `g5_board_file` WRITE;
/*!40000 ALTER TABLE `g5_board_file` DISABLE KEYS */;
INSERT INTO `g5_board_file` VALUES ('excel',13,0,'sample.xlsx','3068001082_sNZmifhG_sample.xlsx',1,'','','','',10009,0,0,0,'2023-03-01 17:58:26'),('excel',14,0,'sample.xlsx','3068001082_n8sNLPVQ_sample.xlsx',1,'','','','',10009,0,0,0,'2023-03-01 17:58:34'),('excel',15,0,'sample.xlsx','3068001082_GmNeq8D2_sample.xlsx',1,'','','','',10009,0,0,0,'2023-03-01 22:29:30'),('excel',17,0,'sample.xlsx','3068001082_cWkbY15P_sample.xlsx',0,'','','','',10273,0,0,0,'2023-03-02 06:06:57'),('excel',18,0,'sample.xlsx','3068001082_Hfo1nu0J_sample.xlsx',0,'','','','',10273,0,0,0,'2023-03-02 06:08:05'),('excel',19,0,'sample.xlsx','3068001082_IEcB6jrg_sample.xlsx',0,'','','','',10273,0,0,0,'2023-03-02 06:08:27'),('excel',20,0,'sample.xlsx','3068001082_ES6FelMi_sample.xlsx',0,'','','','',10303,0,0,0,'2023-03-02 06:12:15'),('excel',21,0,'sample.xlsx','3068001082_XsDiWUBl_sample.xlsx',0,'','','','',10303,0,0,0,'2023-03-02 06:12:45'),('excel',22,0,'sample.xlsx','3068001082_wAeoYiHQ_sample.xlsx',0,'','','','',10317,0,0,0,'2023-03-02 06:13:32'),('excel',23,0,'sample.xlsx','3068001082_YjQPGC7U_sample.xlsx',0,'','','','',10351,0,0,0,'2023-03-02 06:17:05');
/*!40000 ALTER TABLE `g5_board_file` ENABLE KEYS */;
UNLOCK TABLES;

--
-- Table structure for table `g5_board_good`
--

DROP TABLE IF EXISTS `g5_board_good`;
/*!40101 SET @saved_cs_client     = @@character_set_client */;
/*!40101 SET character_set_client = utf8 */;
CREATE TABLE `g5_board_good` (
  `bg_id` int(11) NOT NULL AUTO_INCREMENT,
  `bo_table` varchar(20) NOT NULL DEFAULT '',
  `wr_id` int(11) NOT NULL DEFAULT '0',
  `mb_id` varchar(20) NOT NULL DEFAULT '',
  `bg_flag` varchar(255) NOT NULL DEFAULT '',
  `bg_datetime` datetime NOT NULL DEFAULT '0000-00-00 00:00:00',
  PRIMARY KEY (`bg_id`),
  UNIQUE KEY `fkey1` (`bo_table`,`wr_id`,`mb_id`)
) ENGINE=InnoDB DEFAULT CHARSET=utf8;
/*!40101 SET character_set_client = @saved_cs_client */;

--
-- Dumping data for table `g5_board_good`
--

LOCK TABLES `g5_board_good` WRITE;
/*!40000 ALTER TABLE `g5_board_good` DISABLE KEYS */;
/*!40000 ALTER TABLE `g5_board_good` ENABLE KEYS */;
UNLOCK TABLES;

--
-- Table structure for table `g5_board_new`
--

DROP TABLE IF EXISTS `g5_board_new`;
/*!40101 SET @saved_cs_client     = @@character_set_client */;
/*!40101 SET character_set_client = utf8 */;
CREATE TABLE `g5_board_new` (
  `bn_id` int(11) NOT NULL AUTO_INCREMENT,
  `bo_table` varchar(20) NOT NULL DEFAULT '',
  `wr_id` int(11) NOT NULL DEFAULT '0',
  `wr_parent` int(11) NOT NULL DEFAULT '0',
  `bn_datetime` datetime NOT NULL DEFAULT '0000-00-00 00:00:00',
  `mb_id` varchar(20) NOT NULL DEFAULT '',
  PRIMARY KEY (`bn_id`),
  KEY `mb_id` (`mb_id`)
) ENGINE=InnoDB DEFAULT CHARSET=utf8;
/*!40101 SET character_set_client = @saved_cs_client */;

--
-- Dumping data for table `g5_board_new`
--

LOCK TABLES `g5_board_new` WRITE;
/*!40000 ALTER TABLE `g5_board_new` DISABLE KEYS */;
/*!40000 ALTER TABLE `g5_board_new` ENABLE KEYS */;
UNLOCK TABLES;

--
-- Table structure for table `g5_cert_history`
--

DROP TABLE IF EXISTS `g5_cert_history`;
/*!40101 SET @saved_cs_client     = @@character_set_client */;
/*!40101 SET character_set_client = utf8 */;
CREATE TABLE `g5_cert_history` (
  `cr_id` int(11) NOT NULL AUTO_INCREMENT,
  `mb_id` varchar(20) NOT NULL DEFAULT '',
  `cr_company` varchar(255) NOT NULL DEFAULT '',
  `cr_method` varchar(255) NOT NULL DEFAULT '',
  `cr_ip` varchar(255) NOT NULL DEFAULT '',
  `cr_date` date NOT NULL DEFAULT '0000-00-00',
  `cr_time` time NOT NULL DEFAULT '00:00:00',
  PRIMARY KEY (`cr_id`),
  KEY `mb_id` (`mb_id`)
) ENGINE=InnoDB DEFAULT CHARSET=utf8;
/*!40101 SET character_set_client = @saved_cs_client */;

--
-- Dumping data for table `g5_cert_history`
--

LOCK TABLES `g5_cert_history` WRITE;
/*!40000 ALTER TABLE `g5_cert_history` DISABLE KEYS */;
/*!40000 ALTER TABLE `g5_cert_history` ENABLE KEYS */;
UNLOCK TABLES;

--
-- Table structure for table `g5_config`
--

DROP TABLE IF EXISTS `g5_config`;
/*!40101 SET @saved_cs_client     = @@character_set_client */;
/*!40101 SET character_set_client = utf8 */;
CREATE TABLE `g5_config` (
  `cf_title` varchar(255) NOT NULL DEFAULT '',
  `cf_theme` varchar(100) NOT NULL DEFAULT '',
  `cf_admin` varchar(100) NOT NULL DEFAULT '',
  `cf_admin_email` varchar(100) NOT NULL DEFAULT '',
  `cf_admin_email_name` varchar(100) NOT NULL DEFAULT '',
  `cf_add_script` text NOT NULL,
  `cf_use_point` tinyint(4) NOT NULL DEFAULT '0',
  `cf_point_term` int(11) NOT NULL DEFAULT '0',
  `cf_use_copy_log` tinyint(4) NOT NULL DEFAULT '0',
  `cf_use_email_certify` tinyint(4) NOT NULL DEFAULT '0',
  `cf_login_point` int(11) NOT NULL DEFAULT '0',
  `cf_cut_name` tinyint(4) NOT NULL DEFAULT '0',
  `cf_nick_modify` int(11) NOT NULL DEFAULT '0',
  `cf_new_skin` varchar(50) NOT NULL DEFAULT '',
  `cf_new_rows` int(11) NOT NULL DEFAULT '0',
  `cf_search_skin` varchar(50) NOT NULL DEFAULT '',
  `cf_connect_skin` varchar(50) NOT NULL DEFAULT '',
  `cf_faq_skin` varchar(50) NOT NULL DEFAULT '',
  `cf_read_point` int(11) NOT NULL DEFAULT '0',
  `cf_write_point` int(11) NOT NULL DEFAULT '0',
  `cf_comment_point` int(11) NOT NULL DEFAULT '0',
  `cf_download_point` int(11) NOT NULL DEFAULT '0',
  `cf_write_pages` int(11) NOT NULL DEFAULT '0',
  `cf_mobile_pages` int(11) NOT NULL DEFAULT '0',
  `cf_link_target` varchar(50) NOT NULL DEFAULT '',
  `cf_bbs_rewrite` tinyint(4) NOT NULL DEFAULT '0',
  `cf_delay_sec` int(11) NOT NULL DEFAULT '0',
  `cf_filter` text NOT NULL,
  `cf_possible_ip` text NOT NULL,
  `cf_intercept_ip` text NOT NULL,
  `cf_analytics` text NOT NULL,
  `cf_add_meta` text NOT NULL,
  `cf_syndi_token` varchar(255) NOT NULL,
  `cf_syndi_except` text NOT NULL,
  `cf_member_skin` varchar(50) NOT NULL DEFAULT '',
  `cf_use_homepage` tinyint(4) NOT NULL DEFAULT '0',
  `cf_req_homepage` tinyint(4) NOT NULL DEFAULT '0',
  `cf_use_tel` tinyint(4) NOT NULL DEFAULT '0',
  `cf_req_tel` tinyint(4) NOT NULL DEFAULT '0',
  `cf_use_hp` tinyint(4) NOT NULL DEFAULT '0',
  `cf_req_hp` tinyint(4) NOT NULL DEFAULT '0',
  `cf_use_addr` tinyint(4) NOT NULL DEFAULT '0',
  `cf_req_addr` tinyint(4) NOT NULL DEFAULT '0',
  `cf_use_signature` tinyint(4) NOT NULL DEFAULT '0',
  `cf_req_signature` tinyint(4) NOT NULL DEFAULT '0',
  `cf_use_profile` tinyint(4) NOT NULL DEFAULT '0',
  `cf_req_profile` tinyint(4) NOT NULL DEFAULT '0',
  `cf_register_level` tinyint(4) NOT NULL DEFAULT '0',
  `cf_register_point` int(11) NOT NULL DEFAULT '0',
  `cf_icon_level` tinyint(4) NOT NULL DEFAULT '0',
  `cf_use_recommend` tinyint(4) NOT NULL DEFAULT '0',
  `cf_recommend_point` int(11) NOT NULL DEFAULT '0',
  `cf_leave_day` int(11) NOT NULL DEFAULT '0',
  `cf_search_part` int(11) NOT NULL DEFAULT '0',
  `cf_email_use` tinyint(4) NOT NULL DEFAULT '0',
  `cf_email_wr_super_admin` tinyint(4) NOT NULL DEFAULT '0',
  `cf_email_wr_group_admin` tinyint(4) NOT NULL DEFAULT '0',
  `cf_email_wr_board_admin` tinyint(4) NOT NULL DEFAULT '0',
  `cf_email_wr_write` tinyint(4) NOT NULL DEFAULT '0',
  `cf_email_wr_comment_all` tinyint(4) NOT NULL DEFAULT '0',
  `cf_email_mb_super_admin` tinyint(4) NOT NULL DEFAULT '0',
  `cf_email_mb_member` tinyint(4) NOT NULL DEFAULT '0',
  `cf_email_po_super_admin` tinyint(4) NOT NULL DEFAULT '0',
  `cf_prohibit_id` text NOT NULL,
  `cf_prohibit_email` text NOT NULL,
  `cf_new_del` int(11) NOT NULL DEFAULT '0',
  `cf_memo_del` int(11) NOT NULL DEFAULT '0',
  `cf_visit_del` int(11) NOT NULL DEFAULT '0',
  `cf_popular_del` int(11) NOT NULL DEFAULT '0',
  `cf_optimize_date` date NOT NULL DEFAULT '0000-00-00',
  `cf_use_member_icon` tinyint(4) NOT NULL DEFAULT '0',
  `cf_member_icon_size` int(11) NOT NULL DEFAULT '0',
  `cf_member_icon_width` int(11) NOT NULL DEFAULT '0',
  `cf_member_icon_height` int(11) NOT NULL DEFAULT '0',
  `cf_member_img_size` int(11) NOT NULL DEFAULT '0',
  `cf_member_img_width` int(11) NOT NULL DEFAULT '0',
  `cf_member_img_height` int(11) NOT NULL DEFAULT '0',
  `cf_login_minutes` int(11) NOT NULL DEFAULT '0',
  `cf_image_extension` varchar(255) NOT NULL DEFAULT '',
  `cf_flash_extension` varchar(255) NOT NULL DEFAULT '',
  `cf_movie_extension` varchar(255) NOT NULL DEFAULT '',
  `cf_formmail_is_member` tinyint(4) NOT NULL DEFAULT '0',
  `cf_page_rows` int(11) NOT NULL DEFAULT '0',
  `cf_mobile_page_rows` int(11) NOT NULL DEFAULT '0',
  `cf_visit` varchar(255) NOT NULL DEFAULT '',
  `cf_max_po_id` int(11) NOT NULL DEFAULT '0',
  `cf_stipulation` text NOT NULL,
  `cf_privacy` text NOT NULL,
  `cf_open_modify` int(11) NOT NULL DEFAULT '0',
  `cf_memo_send_point` int(11) NOT NULL DEFAULT '0',
  `cf_mobile_new_skin` varchar(50) NOT NULL DEFAULT '',
  `cf_mobile_search_skin` varchar(50) NOT NULL DEFAULT '',
  `cf_mobile_connect_skin` varchar(50) NOT NULL DEFAULT '',
  `cf_mobile_faq_skin` varchar(50) NOT NULL DEFAULT '',
  `cf_mobile_member_skin` varchar(50) NOT NULL DEFAULT '',
  `cf_captcha_mp3` varchar(255) NOT NULL DEFAULT '',
  `cf_editor` varchar(50) NOT NULL DEFAULT '',
  `cf_cert_use` tinyint(4) NOT NULL DEFAULT '0',
  `cf_cert_find` tinyint(4) NOT NULL DEFAULT '0',
  `cf_cert_ipin` varchar(255) NOT NULL DEFAULT '',
  `cf_cert_hp` varchar(255) NOT NULL DEFAULT '',
  `cf_cert_simple` varchar(255) NOT NULL DEFAULT '',
  `cf_cert_kg_cd` varchar(255) NOT NULL DEFAULT '',
  `cf_cert_kg_mid` varchar(255) NOT NULL DEFAULT '',
  `cf_cert_kcb_cd` varchar(255) NOT NULL DEFAULT '',
  `cf_cert_kcp_cd` varchar(255) NOT NULL DEFAULT '',
  `cf_lg_mid` varchar(100) NOT NULL DEFAULT '',
  `cf_lg_mert_key` varchar(100) NOT NULL DEFAULT '',
  `cf_cert_limit` int(11) NOT NULL DEFAULT '0',
  `cf_cert_req` tinyint(4) NOT NULL DEFAULT '0',
  `cf_sms_use` varchar(255) NOT NULL DEFAULT '',
  `cf_sms_type` varchar(10) NOT NULL DEFAULT '',
  `cf_icode_id` varchar(255) NOT NULL DEFAULT '',
  `cf_icode_pw` varchar(255) NOT NULL DEFAULT '',
  `cf_icode_server_ip` varchar(50) NOT NULL DEFAULT '',
  `cf_icode_server_port` varchar(50) NOT NULL DEFAULT '',
  `cf_icode_token_key` varchar(100) NOT NULL DEFAULT '',
  `cf_googl_shorturl_apikey` varchar(50) NOT NULL DEFAULT '',
  `cf_social_login_use` tinyint(4) NOT NULL DEFAULT '0',
  `cf_social_servicelist` varchar(255) NOT NULL DEFAULT '',
  `cf_payco_clientid` varchar(100) NOT NULL DEFAULT '',
  `cf_payco_secret` varchar(100) NOT NULL DEFAULT '',
  `cf_facebook_appid` varchar(100) NOT NULL,
  `cf_facebook_secret` varchar(100) NOT NULL,
  `cf_twitter_key` varchar(100) NOT NULL,
  `cf_twitter_secret` varchar(100) NOT NULL,
  `cf_google_clientid` varchar(100) NOT NULL DEFAULT '',
  `cf_google_secret` varchar(100) NOT NULL DEFAULT '',
  `cf_naver_clientid` varchar(100) NOT NULL DEFAULT '',
  `cf_naver_secret` varchar(100) NOT NULL DEFAULT '',
  `cf_kakao_rest_key` varchar(100) NOT NULL DEFAULT '',
  `cf_kakao_client_secret` varchar(100) NOT NULL DEFAULT '',
  `cf_kakao_js_apikey` varchar(100) NOT NULL,
  `cf_captcha` varchar(100) NOT NULL DEFAULT '',
  `cf_recaptcha_site_key` varchar(100) NOT NULL DEFAULT '',
  `cf_recaptcha_secret_key` varchar(100) NOT NULL DEFAULT '',
  `cf_1_subj` varchar(255) NOT NULL DEFAULT '',
  `cf_2_subj` varchar(255) NOT NULL DEFAULT '',
  `cf_3_subj` varchar(255) NOT NULL DEFAULT '',
  `cf_4_subj` varchar(255) NOT NULL DEFAULT '',
  `cf_5_subj` varchar(255) NOT NULL DEFAULT '',
  `cf_6_subj` varchar(255) NOT NULL DEFAULT '',
  `cf_7_subj` varchar(255) NOT NULL DEFAULT '',
  `cf_8_subj` varchar(255) NOT NULL DEFAULT '',
  `cf_9_subj` varchar(255) NOT NULL DEFAULT '',
  `cf_10_subj` varchar(255) NOT NULL DEFAULT '',
  `cf_1` varchar(255) NOT NULL DEFAULT '',
  `cf_2` varchar(255) NOT NULL DEFAULT '',
  `cf_3` varchar(255) NOT NULL DEFAULT '',
  `cf_4` varchar(255) NOT NULL DEFAULT '',
  `cf_5` varchar(255) NOT NULL DEFAULT '',
  `cf_6` varchar(255) NOT NULL DEFAULT '',
  `cf_7` varchar(255) NOT NULL DEFAULT '',
  `cf_8` varchar(255) NOT NULL DEFAULT '',
  `cf_9` varchar(255) NOT NULL DEFAULT '',
  `cf_10` varchar(255) NOT NULL DEFAULT ''
) ENGINE=InnoDB DEFAULT CHARSET=utf8;
/*!40101 SET character_set_client = @saved_cs_client */;

--
-- Dumping data for table `g5_config`
--

LOCK TABLES `g5_config` WRITE;
/*!40000 ALTER TABLE `g5_config` DISABLE KEYS */;
INSERT INTO `g5_config` VALUES ('Slot Manager','basic','slot','admin@domain.com','관리자','',0,0,1,0,100,15,60,'basic',15,'basic','basic','basic',0,0,0,0,10,5,'_blank',0,30,'18아,18놈,18새끼,18뇬,18노,18것,18넘,개년,개놈,개뇬,개새,개색끼,개세끼,개세이,개쉐이,개쉑,개쉽,개시키,개자식,개좆,게색기,게색끼,광뇬,뇬,눈깔,뉘미럴,니귀미,니기미,니미,도촬,되질래,뒈져라,뒈진다,디져라,디진다,디질래,병쉰,병신,뻐큐,뻑큐,뽁큐,삐리넷,새꺄,쉬발,쉬밸,쉬팔,쉽알,스패킹,스팽,시벌,시부랄,시부럴,시부리,시불,시브랄,시팍,시팔,시펄,실밸,십8,십쌔,십창,싶알,쌉년,썅놈,쌔끼,쌩쑈,썅,써벌,썩을년,쎄꺄,쎄엑,쓰바,쓰발,쓰벌,쓰팔,씨8,씨댕,씨바,씨발,씨뱅,씨봉알,씨부랄,씨부럴,씨부렁,씨부리,씨불,씨브랄,씨빠,씨빨,씨뽀랄,씨팍,씨팔,씨펄,씹,아가리,아갈이,엄창,접년,잡놈,재랄,저주글,조까,조빠,조쟁이,조지냐,조진다,조질래,존나,존니,좀물,좁년,좃,좆,좇,쥐랄,쥐롤,쥬디,지랄,지럴,지롤,지미랄,쫍빱,凸,퍽큐,뻑큐,빠큐,ㅅㅂㄹㅁ','','','','','','','basic',0,0,0,0,0,0,0,0,0,0,0,0,2,1000,2,0,0,30,10000,1,0,0,0,0,0,0,0,0,'admin,administrator,관리자,운영자,어드민,주인장,webmaster,웹마스터,sysop,시삽,시샵,manager,매니저,메니저,root,루트,su,guest,방문객','',30,180,180,180,'2023-03-06',2,5000,22,22,50000,60,60,10,'gif|jpg|jpeg|png','swf','asx|asf|wmv|wma|mpg|mpeg|mov|avi|mp3',1,15,15,'오늘:3,어제:0,최대:7,전체:52',0,'해당 홈페이지에 맞는 회원가입약관을 입력합니다.','해당 홈페이지에 맞는 개인정보처리방침을 입력합니다.',0,500,'basic','basic','basic','basic','basic','basic','smarteditor2',0,0,'','','','','','','','','',2,0,'','','','','211.172.232.124','7295','','',0,'','','','','','','','','','','','','','','kcaptcha','','','','','','','','','','','','','','','','','','','','','','');
/*!40000 ALTER TABLE `g5_config` ENABLE KEYS */;
UNLOCK TABLES;

--
-- Table structure for table `g5_content`
--

DROP TABLE IF EXISTS `g5_content`;
/*!40101 SET @saved_cs_client     = @@character_set_client */;
/*!40101 SET character_set_client = utf8 */;
CREATE TABLE `g5_content` (
  `co_id` varchar(20) NOT NULL DEFAULT '',
  `co_html` tinyint(4) NOT NULL DEFAULT '0',
  `co_subject` varchar(255) NOT NULL DEFAULT '',
  `co_content` longtext NOT NULL,
  `co_seo_title` varchar(255) NOT NULL DEFAULT '',
  `co_mobile_content` longtext NOT NULL,
  `co_skin` varchar(255) NOT NULL DEFAULT '',
  `co_mobile_skin` varchar(255) NOT NULL DEFAULT '',
  `co_tag_filter_use` tinyint(4) NOT NULL DEFAULT '0',
  `co_hit` int(11) NOT NULL DEFAULT '0',
  `co_include_head` varchar(255) NOT NULL,
  `co_include_tail` varchar(255) NOT NULL,
  PRIMARY KEY (`co_id`),
  KEY `co_seo_title` (`co_seo_title`)
) ENGINE=InnoDB DEFAULT CHARSET=utf8;
/*!40101 SET character_set_client = @saved_cs_client */;

--
-- Dumping data for table `g5_content`
--

LOCK TABLES `g5_content` WRITE;
/*!40000 ALTER TABLE `g5_content` DISABLE KEYS */;
INSERT INTO `g5_content` VALUES ('company',1,'회사소개','<p align=center><b>회사소개에 대한 내용을 입력하십시오.</b></p>','','','basic','basic',0,0,'',''),('privacy',1,'개인정보 처리방침','<p align=center><b>개인정보 처리방침에 대한 내용을 입력하십시오.</b></p>','','','basic','basic',0,0,'',''),('provision',1,'서비스 이용약관','<p align=center><b>서비스 이용약관에 대한 내용을 입력하십시오.</b></p>','','','basic','basic',0,0,'','');
/*!40000 ALTER TABLE `g5_content` ENABLE KEYS */;
UNLOCK TABLES;

--
-- Table structure for table `g5_faq`
--

DROP TABLE IF EXISTS `g5_faq`;
/*!40101 SET @saved_cs_client     = @@character_set_client */;
/*!40101 SET character_set_client = utf8 */;
CREATE TABLE `g5_faq` (
  `fa_id` int(11) NOT NULL AUTO_INCREMENT,
  `fm_id` int(11) NOT NULL DEFAULT '0',
  `fa_subject` text NOT NULL,
  `fa_content` text NOT NULL,
  `fa_order` int(11) NOT NULL DEFAULT '0',
  PRIMARY KEY (`fa_id`),
  KEY `fm_id` (`fm_id`)
) ENGINE=InnoDB DEFAULT CHARSET=utf8;
/*!40101 SET character_set_client = @saved_cs_client */;

--
-- Dumping data for table `g5_faq`
--

LOCK TABLES `g5_faq` WRITE;
/*!40000 ALTER TABLE `g5_faq` DISABLE KEYS */;
/*!40000 ALTER TABLE `g5_faq` ENABLE KEYS */;
UNLOCK TABLES;

--
-- Table structure for table `g5_faq_master`
--

DROP TABLE IF EXISTS `g5_faq_master`;
/*!40101 SET @saved_cs_client     = @@character_set_client */;
/*!40101 SET character_set_client = utf8 */;
CREATE TABLE `g5_faq_master` (
  `fm_id` int(11) NOT NULL AUTO_INCREMENT,
  `fm_subject` varchar(255) NOT NULL DEFAULT '',
  `fm_head_html` text NOT NULL,
  `fm_tail_html` text NOT NULL,
  `fm_mobile_head_html` text NOT NULL,
  `fm_mobile_tail_html` text NOT NULL,
  `fm_order` int(11) NOT NULL DEFAULT '0',
  PRIMARY KEY (`fm_id`)
) ENGINE=InnoDB AUTO_INCREMENT=2 DEFAULT CHARSET=utf8;
/*!40101 SET character_set_client = @saved_cs_client */;

--
-- Dumping data for table `g5_faq_master`
--

LOCK TABLES `g5_faq_master` WRITE;
/*!40000 ALTER TABLE `g5_faq_master` DISABLE KEYS */;
INSERT INTO `g5_faq_master` VALUES (1,'자주하시는 질문','','','','',0);
/*!40000 ALTER TABLE `g5_faq_master` ENABLE KEYS */;
UNLOCK TABLES;

--
-- Table structure for table `g5_group`
--

DROP TABLE IF EXISTS `g5_group`;
/*!40101 SET @saved_cs_client     = @@character_set_client */;
/*!40101 SET character_set_client = utf8 */;
CREATE TABLE `g5_group` (
  `gr_id` varchar(10) NOT NULL DEFAULT '',
  `gr_subject` varchar(255) NOT NULL DEFAULT '',
  `gr_device` enum('both','pc','mobile') NOT NULL DEFAULT 'both',
  `gr_admin` varchar(255) NOT NULL DEFAULT '',
  `gr_use_access` tinyint(4) NOT NULL DEFAULT '0',
  `gr_order` int(11) NOT NULL DEFAULT '0',
  `gr_1_subj` varchar(255) NOT NULL DEFAULT '',
  `gr_2_subj` varchar(255) NOT NULL DEFAULT '',
  `gr_3_subj` varchar(255) NOT NULL DEFAULT '',
  `gr_4_subj` varchar(255) NOT NULL DEFAULT '',
  `gr_5_subj` varchar(255) NOT NULL DEFAULT '',
  `gr_6_subj` varchar(255) NOT NULL DEFAULT '',
  `gr_7_subj` varchar(255) NOT NULL DEFAULT '',
  `gr_8_subj` varchar(255) NOT NULL DEFAULT '',
  `gr_9_subj` varchar(255) NOT NULL DEFAULT '',
  `gr_10_subj` varchar(255) NOT NULL DEFAULT '',
  `gr_1` varchar(255) NOT NULL DEFAULT '',
  `gr_2` varchar(255) NOT NULL DEFAULT '',
  `gr_3` varchar(255) NOT NULL DEFAULT '',
  `gr_4` varchar(255) NOT NULL DEFAULT '',
  `gr_5` varchar(255) NOT NULL DEFAULT '',
  `gr_6` varchar(255) NOT NULL DEFAULT '',
  `gr_7` varchar(255) NOT NULL DEFAULT '',
  `gr_8` varchar(255) NOT NULL DEFAULT '',
  `gr_9` varchar(255) NOT NULL DEFAULT '',
  `gr_10` varchar(255) NOT NULL DEFAULT '',
  PRIMARY KEY (`gr_id`)
) ENGINE=InnoDB DEFAULT CHARSET=utf8;
/*!40101 SET character_set_client = @saved_cs_client */;

--
-- Dumping data for table `g5_group`
--

LOCK TABLES `g5_group` WRITE;
/*!40000 ALTER TABLE `g5_group` DISABLE KEYS */;
INSERT INTO `g5_group` VALUES ('community','커뮤니티','both','',0,0,'','','','','','','','','','','','','','','','','','','','');
/*!40000 ALTER TABLE `g5_group` ENABLE KEYS */;
UNLOCK TABLES;

--
-- Table structure for table `g5_group_member`
--

DROP TABLE IF EXISTS `g5_group_member`;
/*!40101 SET @saved_cs_client     = @@character_set_client */;
/*!40101 SET character_set_client = utf8 */;
CREATE TABLE `g5_group_member` (
  `gm_id` int(11) NOT NULL AUTO_INCREMENT,
  `gr_id` varchar(255) NOT NULL DEFAULT '',
  `mb_id` varchar(20) NOT NULL DEFAULT '',
  `gm_datetime` datetime NOT NULL DEFAULT '0000-00-00 00:00:00',
  PRIMARY KEY (`gm_id`),
  KEY `gr_id` (`gr_id`),
  KEY `mb_id` (`mb_id`)
) ENGINE=InnoDB DEFAULT CHARSET=utf8;
/*!40101 SET character_set_client = @saved_cs_client */;

--
-- Dumping data for table `g5_group_member`
--

LOCK TABLES `g5_group_member` WRITE;
/*!40000 ALTER TABLE `g5_group_member` DISABLE KEYS */;
/*!40000 ALTER TABLE `g5_group_member` ENABLE KEYS */;
UNLOCK TABLES;

--
-- Table structure for table `g5_login`
--

DROP TABLE IF EXISTS `g5_login`;
/*!40101 SET @saved_cs_client     = @@character_set_client */;
/*!40101 SET character_set_client = utf8 */;
CREATE TABLE `g5_login` (
  `lo_ip` varchar(100) NOT NULL DEFAULT '',
  `mb_id` varchar(20) NOT NULL DEFAULT '',
  `lo_datetime` datetime NOT NULL DEFAULT '0000-00-00 00:00:00',
  `lo_location` text NOT NULL,
  `lo_url` text NOT NULL,
  PRIMARY KEY (`lo_ip`)
) ENGINE=InnoDB DEFAULT CHARSET=utf8;
/*!40101 SET character_set_client = @saved_cs_client */;

--
-- Dumping data for table `g5_login`
--

LOCK TABLES `g5_login` WRITE;
/*!40000 ALTER TABLE `g5_login` DISABLE KEYS */;
INSERT INTO `g5_login` VALUES ('182.221.251.58','slot','2023-03-02 05:55:48','오류안내 페이지','');
/*!40000 ALTER TABLE `g5_login` ENABLE KEYS */;
UNLOCK TABLES;

--
-- Table structure for table `g5_mail`
--

DROP TABLE IF EXISTS `g5_mail`;
/*!40101 SET @saved_cs_client     = @@character_set_client */;
/*!40101 SET character_set_client = utf8 */;
CREATE TABLE `g5_mail` (
  `ma_id` int(11) NOT NULL AUTO_INCREMENT,
  `ma_subject` varchar(255) NOT NULL DEFAULT '',
  `ma_content` mediumtext NOT NULL,
  `ma_time` datetime NOT NULL DEFAULT '0000-00-00 00:00:00',
  `ma_ip` varchar(255) NOT NULL DEFAULT '',
  `ma_last_option` text NOT NULL,
  PRIMARY KEY (`ma_id`)
) ENGINE=InnoDB DEFAULT CHARSET=utf8;
/*!40101 SET character_set_client = @saved_cs_client */;

--
-- Dumping data for table `g5_mail`
--

LOCK TABLES `g5_mail` WRITE;
/*!40000 ALTER TABLE `g5_mail` DISABLE KEYS */;
/*!40000 ALTER TABLE `g5_mail` ENABLE KEYS */;
UNLOCK TABLES;

--
-- Table structure for table `g5_member`
--

DROP TABLE IF EXISTS `g5_member`;
/*!40101 SET @saved_cs_client     = @@character_set_client */;
/*!40101 SET character_set_client = utf8 */;
CREATE TABLE `g5_member` (
  `mb_no` int(11) NOT NULL AUTO_INCREMENT,
  `mb_id` varchar(20) NOT NULL DEFAULT '' COMMENT '아이디',
  `mb_password` varchar(255) NOT NULL DEFAULT '' COMMENT '비밀번호',
  `first_id` varchar(20) NOT NULL DEFAULT '' COMMENT '총판아이디',
  `second_id` varchar(20) NOT NULL DEFAULT '' COMMENT '대리점아이디',
  `mb_name` varchar(255) NOT NULL DEFAULT '' COMMENT '이름',
  `mb_nick` varchar(255) NOT NULL DEFAULT '',
  `mb_nick_date` date NOT NULL DEFAULT '0000-00-00',
  `mb_email` varchar(255) NOT NULL DEFAULT '',
  `mb_homepage` varchar(255) NOT NULL DEFAULT '',
  `mb_level` tinyint(4) NOT NULL DEFAULT '0',
  `mb_sex` char(1) NOT NULL DEFAULT '',
  `mb_birth` varchar(255) NOT NULL DEFAULT '',
  `mb_tel` varchar(255) NOT NULL DEFAULT '',
  `mb_hp` varchar(255) NOT NULL DEFAULT '',
  `mb_certify` varchar(20) NOT NULL DEFAULT '',
  `mb_adult` tinyint(4) NOT NULL DEFAULT '0',
  `mb_dupinfo` varchar(255) NOT NULL DEFAULT '',
  `mb_zip1` char(3) NOT NULL DEFAULT '',
  `mb_zip2` char(3) NOT NULL DEFAULT '',
  `mb_addr1` varchar(255) NOT NULL DEFAULT '',
  `mb_addr2` varchar(255) NOT NULL DEFAULT '',
  `mb_addr3` varchar(255) NOT NULL DEFAULT '',
  `mb_addr_jibeon` varchar(255) NOT NULL DEFAULT '',
  `mb_signature` text NOT NULL,
  `mb_recommend` varchar(255) NOT NULL DEFAULT '',
  `mb_point` int(11) NOT NULL DEFAULT '0',
  `mb_today_login` datetime NOT NULL DEFAULT '0000-00-00 00:00:00',
  `mb_login_ip` varchar(255) NOT NULL DEFAULT '',
  `mb_datetime` datetime NOT NULL DEFAULT '0000-00-00 00:00:00',
  `mb_ip` varchar(255) NOT NULL DEFAULT '',
  `mb_leave_date` varchar(8) NOT NULL DEFAULT '',
  `mb_intercept_date` varchar(8) NOT NULL DEFAULT '',
  `mb_email_certify` datetime NOT NULL DEFAULT '0000-00-00 00:00:00',
  `mb_email_certify2` varchar(255) NOT NULL DEFAULT '',
  `mb_memo` text NOT NULL,
  `mb_lost_certify` varchar(255) NOT NULL,
  `mb_mailling` tinyint(4) NOT NULL DEFAULT '0',
  `mb_sms` tinyint(4) NOT NULL DEFAULT '0',
  `mb_open` tinyint(4) NOT NULL DEFAULT '0',
  `mb_open_date` date NOT NULL DEFAULT '0000-00-00',
  `mb_profile` text NOT NULL,
  `mb_memo_call` varchar(255) NOT NULL DEFAULT '',
  `mb_memo_cnt` int(11) NOT NULL DEFAULT '0',
  `mb_scrap_cnt` int(11) NOT NULL DEFAULT '0',
  `mb_1` varchar(255) NOT NULL DEFAULT '',
  `mb_2` varchar(255) NOT NULL DEFAULT '',
  `mb_3` varchar(255) NOT NULL DEFAULT '',
  `mb_4` varchar(255) NOT NULL DEFAULT '',
  `mb_5` varchar(255) NOT NULL DEFAULT '',
  `mb_6` varchar(255) NOT NULL DEFAULT '',
  `mb_7` varchar(255) NOT NULL DEFAULT '',
  `mb_8` varchar(255) NOT NULL DEFAULT '',
  `mb_9` varchar(255) NOT NULL DEFAULT '',
  `mb_10` varchar(255) NOT NULL DEFAULT '',
  PRIMARY KEY (`mb_no`),
  UNIQUE KEY `mb_id` (`mb_id`),
  KEY `mb_today_login` (`mb_today_login`),
  KEY `mb_datetime` (`mb_datetime`),
  KEY `first_id` (`first_id`),
  KEY `second_id` (`second_id`)
) ENGINE=InnoDB AUTO_INCREMENT=50 DEFAULT CHARSET=utf8;
/*!40101 SET character_set_client = @saved_cs_client */;

--
-- Dumping data for table `g5_member`
--

LOCK TABLES `g5_member` WRITE;
/*!40000 ALTER TABLE `g5_member` DISABLE KEYS */;
INSERT INTO `g5_member` VALUES (1,'slot','sha256:12000:o0xH2MRg+me0OGqnWeAjvkxORAWz8TP3:Bm5ERdFEaqn26vXUHc0koNbIj22P4CBw','','','관리자','관리자','2023-02-14','admin@domain.com','',10,'','','','','',0,'','','','','','','','','',100,'2023-03-06 11:01:47','142.114.220.221','2023-02-14 13:56:31','182.221.251.58','','','2023-02-14 13:56:31','','','',1,0,1,'0000-00-00','','',0,0,'','','','','','','','','',''),(34,'user1','sha256:12000:eUgw0lgxGXiNqVMinXMl0sTDx+JtF7Zo:np8cEexsICyF91QPTeQyL082pVbGBPa/','chong1','da3','사용자1','','0000-00-00','','',2,'','','','','',0,'','','','','','','','','',0,'0000-00-00 00:00:00','','2023-02-26 03:35:54','','','','0000-00-00 00:00:00','','','',0,0,0,'0000-00-00','','',0,0,'','','','','','','','','',''),(35,'user2','sha256:12000:6gwkWHsfd6c3d9bL/E5jauBqDQjMGRsx:1OInbim0mJ6p1vpnOkBOjF5nupMW49ic','chong1','da3','사용자2','','0000-00-00','','',2,'','','','','',0,'','','','','','','','','',0,'0000-00-00 00:00:00','','2023-02-26 03:36:02','','','','0000-00-00 00:00:00','','','',0,0,0,'0000-00-00','','',0,0,'','','','','','','','','',''),(36,'user3','sha256:12000:2HhrYC4ppOk+rjjw1tb/le/rKc/4n4PF:cL12nk23K8IAkIgkPPi7MSrAqqoBqARL','chong2','da1','사용자3','','0000-00-00','','',2,'','','','','',0,'','','','','','','','','',0,'0000-00-00 00:00:00','','2023-02-26 03:36:09','','','','0000-00-00 00:00:00','','','',0,0,0,'0000-00-00','','',0,0,'','','','','','','','','',''),(37,'user4','sha256:12000:/2ZtcNx4LZ1CVMf+Bw6bR+iVNtgJrGMW:1jUOQn2Clk4q2aoJtLDBSCDQ/Ot88SQ5','chong1','da2','사용자4','','0000-00-00','','',2,'','','','','',0,'','','','','','','','','',0,'2023-03-01 16:18:54','182.221.251.58','2023-02-26 03:36:23','','','','0000-00-00 00:00:00','','','',0,0,0,'0000-00-00','','',0,0,'','','','','','','','','',''),(38,'user5','sha256:12000:ZTSVSKXz7eD7znlD9+1ErQyev6gWe/Ex:fGcecQ3sNCzv4MaO10ZQSh1gYVZb8eSc','chong1','da2','사용자5','','0000-00-00','','',2,'','','','','',0,'','','','','','','','','',0,'0000-00-00 00:00:00','','2023-02-26 03:36:45','','','','0000-00-00 00:00:00','','','',0,0,0,'0000-00-00','','',0,0,'','','','','','','','','',''),(39,'chong1','sha256:12000:iNb0qPsw9IE3nfim/o/nrNoziekP+Vsv:KLAsbXHGqqDF/y0MIY8tW0HFa30iTm3c','','','총판1','','0000-00-00','','',8,'','','','','',0,'','','','','','','','','',0,'2023-03-04 01:30:24','182.221.251.58','2023-02-26 03:42:25','','','','0000-00-00 00:00:00','','','',0,0,0,'0000-00-00','','',0,0,'','','','','','','','','',''),(40,'chong2','sha256:12000:E6BAfOeOThBCHY8tz7C1ghvfoZMzhb4V:c7DkVvHvHHFo427NN1ILcp9BEsiytdmI','','','총판2','','0000-00-00','','',8,'','','','','',0,'','','','','','','','','',0,'0000-00-00 00:00:00','','2023-02-26 03:42:36','','','','0000-00-00 00:00:00','','','',0,0,0,'0000-00-00','','',0,0,'','','','','','','','','',''),(41,'chong3','sha256:12000:JfgKw63iIVQSoBF7zmXscU86+1tch6Wm:FOaxwucbOESEWhHzFjs+tYnR1+60pFJB','','','총판3','','0000-00-00','','',8,'','','','','',0,'','','','','','','','','',0,'0000-00-00 00:00:00','','2023-02-26 03:42:43','','','','0000-00-00 00:00:00','','','',0,0,0,'0000-00-00','','',0,0,'','','','','','','','','',''),(42,'da1','sha256:12000:jAeWWuRQ8TAMDUIEzcLjaKczT16X69ET:ZDVRlmDpb0wIEY+EJv2KtOIBPxfLnVq8','chong2','','대리점1','','0000-00-00','','',6,'','','','','',0,'','','','','','','','','',0,'0000-00-00 00:00:00','','2023-02-26 03:42:52','','','','0000-00-00 00:00:00','','','',0,0,0,'0000-00-00','','',0,0,'','','','','','','','','',''),(43,'da2','sha256:12000:3nI1x+SUNHKPFWwFc2CXgznzukaIEEsa:1WCNmuNSPRDW6lwrioG65rTp/x+qCp6N','chong1','','대리점2','','0000-00-00','','',6,'','','','','',0,'','','','','','','','','',0,'2023-03-01 16:07:33','182.221.251.58','2023-02-26 03:43:02','','','','0000-00-00 00:00:00','','','',0,0,0,'0000-00-00','','',0,0,'','','','','','','','','',''),(44,'da3','sha256:12000:NxHucVjp9J3ipmSKEtgoUywyTozJfmLG:DujCTn9t/k8eTAtB5qx9wZNWI1RF5Dwq','chong1','','대리점3','','0000-00-00','','',6,'','','','','',0,'','','','','','','','','',0,'0000-00-00 00:00:00','','2023-02-26 03:43:13','','','','0000-00-00 00:00:00','','','',0,0,0,'0000-00-00','','',0,0,'','','','','','','','','',''),(45,'test112','sha256:12000:WRdfDrIRHxbCVP9rgzy3bOpxMe0DoZWj:eZWryj3bpVy/jOPUow1TEzp5paeKDJ52','chong1','da2','test112','','0000-00-00','','',2,'','','','','',0,'','','','','','','','','',0,'2023-02-28 15:31:44','14.7.33.34','2023-02-27 16:24:27','','','','0000-00-00 00:00:00','','','',0,0,0,'0000-00-00','','',0,0,'','','','','','','','','',''),(46,'test111','sha256:12000:rbUTu7yj4PipoAK80l4UScZXO3+9Wpwd:sqb/1kS6pmheywarsOlegnUiL98KkKt/','','','총판테스트1','','0000-00-00','','',8,'','','','','',0,'','','','','','','','','',0,'2023-03-04 21:35:57','121.161.58.56','2023-02-27 17:18:53','','','','0000-00-00 00:00:00','','','',0,0,0,'0000-00-00','','',0,0,'','','','','','','','','',''),(47,'min2','sha256:12000:FPxPiJ9dN+ppwr+vlZaPG4S78wwBvhQq:eq+jI3vJjThDINCdx5LOE7pCQd3r9DuU','','','min2','','0000-00-00','','',2,'','','','','',0,'','','','','','','','','',0,'2023-03-03 13:38:11','14.7.33.34','2023-03-01 18:21:41','','','','0000-00-00 00:00:00','','','',0,0,0,'0000-00-00','','',0,0,'','','','','','','','','',''),(48,'min1','sha256:12000:/Fh4PHtj/R6QI3rSFutYyT89H9PpREjL:rSgaxay025/J2YyRogACfKgtkgXslX5u','','','min1','','0000-00-00','','',6,'','','','','',0,'','','','','','','','','',0,'2023-03-03 13:39:01','14.7.33.34','2023-03-01 18:23:11','','','','0000-00-00 00:00:00','','','',0,0,0,'0000-00-00','','',0,0,'','','','','','','','','',''),(49,'sdsd','sha256:12000:ujG39+WPKelBPMOCYZZ4zokMj7bDdT6x:dox5nuUdUWfq8xV9C7r8lC8E47u+9/y7','','','sdsd','','0000-00-00','','',6,'','','','','',0,'','','','','','','','','',0,'0000-00-00 00:00:00','','2023-03-02 15:23:52','','','','0000-00-00 00:00:00','','','',0,0,0,'0000-00-00','','',0,0,'','','','','','','','','','');
/*!40000 ALTER TABLE `g5_member` ENABLE KEYS */;
UNLOCK TABLES;

--
-- Table structure for table `g5_member_cert_history`
--

DROP TABLE IF EXISTS `g5_member_cert_history`;
/*!40101 SET @saved_cs_client     = @@character_set_client */;
/*!40101 SET character_set_client = utf8 */;
CREATE TABLE `g5_member_cert_history` (
  `ch_id` int(11) NOT NULL AUTO_INCREMENT,
  `mb_id` varchar(20) NOT NULL DEFAULT '',
  `ch_name` varchar(255) NOT NULL DEFAULT '',
  `ch_hp` varchar(255) NOT NULL DEFAULT '',
  `ch_birth` varchar(255) NOT NULL DEFAULT '',
  `ch_type` varchar(20) NOT NULL DEFAULT '',
  `ch_datetime` datetime NOT NULL DEFAULT '0000-00-00 00:00:00',
  PRIMARY KEY (`ch_id`),
  KEY `mb_id` (`mb_id`)
) ENGINE=InnoDB DEFAULT CHARSET=utf8;
/*!40101 SET character_set_client = @saved_cs_client */;

--
-- Dumping data for table `g5_member_cert_history`
--

LOCK TABLES `g5_member_cert_history` WRITE;
/*!40000 ALTER TABLE `g5_member_cert_history` DISABLE KEYS */;
/*!40000 ALTER TABLE `g5_member_cert_history` ENABLE KEYS */;
UNLOCK TABLES;

--
-- Table structure for table `g5_member_social_profiles`
--

DROP TABLE IF EXISTS `g5_member_social_profiles`;
/*!40101 SET @saved_cs_client     = @@character_set_client */;
/*!40101 SET character_set_client = utf8 */;
CREATE TABLE `g5_member_social_profiles` (
  `mp_no` int(11) NOT NULL AUTO_INCREMENT,
  `mb_id` varchar(255) NOT NULL DEFAULT '',
  `provider` varchar(50) NOT NULL DEFAULT '',
  `object_sha` varchar(45) NOT NULL DEFAULT '',
  `identifier` varchar(255) NOT NULL DEFAULT '',
  `profileurl` varchar(255) NOT NULL DEFAULT '',
  `photourl` varchar(255) NOT NULL DEFAULT '',
  `displayname` varchar(150) NOT NULL DEFAULT '',
  `description` varchar(255) NOT NULL DEFAULT '',
  `mp_register_day` datetime NOT NULL DEFAULT '0000-00-00 00:00:00',
  `mp_latest_day` datetime NOT NULL DEFAULT '0000-00-00 00:00:00',
  UNIQUE KEY `mp_no` (`mp_no`),
  KEY `mb_id` (`mb_id`),
  KEY `provider` (`provider`)
) ENGINE=InnoDB DEFAULT CHARSET=utf8;
/*!40101 SET character_set_client = @saved_cs_client */;

--
-- Dumping data for table `g5_member_social_profiles`
--

LOCK TABLES `g5_member_social_profiles` WRITE;
/*!40000 ALTER TABLE `g5_member_social_profiles` DISABLE KEYS */;
/*!40000 ALTER TABLE `g5_member_social_profiles` ENABLE KEYS */;
UNLOCK TABLES;

--
-- Table structure for table `g5_memo`
--

DROP TABLE IF EXISTS `g5_memo`;
/*!40101 SET @saved_cs_client     = @@character_set_client */;
/*!40101 SET character_set_client = utf8 */;
CREATE TABLE `g5_memo` (
  `me_id` int(11) NOT NULL AUTO_INCREMENT,
  `me_recv_mb_id` varchar(20) NOT NULL DEFAULT '',
  `me_send_mb_id` varchar(20) NOT NULL DEFAULT '',
  `me_send_datetime` datetime NOT NULL DEFAULT '0000-00-00 00:00:00',
  `me_read_datetime` datetime NOT NULL DEFAULT '0000-00-00 00:00:00',
  `me_memo` text NOT NULL,
  `me_send_id` int(11) NOT NULL DEFAULT '0',
  `me_type` enum('send','recv') NOT NULL DEFAULT 'recv',
  `me_send_ip` varchar(100) NOT NULL DEFAULT '',
  PRIMARY KEY (`me_id`),
  KEY `me_recv_mb_id` (`me_recv_mb_id`)
) ENGINE=InnoDB DEFAULT CHARSET=utf8;
/*!40101 SET character_set_client = @saved_cs_client */;

--
-- Dumping data for table `g5_memo`
--

LOCK TABLES `g5_memo` WRITE;
/*!40000 ALTER TABLE `g5_memo` DISABLE KEYS */;
/*!40000 ALTER TABLE `g5_memo` ENABLE KEYS */;
UNLOCK TABLES;

--
-- Table structure for table `g5_menu`
--

DROP TABLE IF EXISTS `g5_menu`;
/*!40101 SET @saved_cs_client     = @@character_set_client */;
/*!40101 SET character_set_client = utf8 */;
CREATE TABLE `g5_menu` (
  `me_id` int(11) NOT NULL AUTO_INCREMENT,
  `me_code` varchar(255) NOT NULL DEFAULT '',
  `me_name` varchar(255) NOT NULL DEFAULT '',
  `me_link` varchar(255) NOT NULL DEFAULT '',
  `me_target` varchar(255) NOT NULL DEFAULT '',
  `me_order` int(11) NOT NULL DEFAULT '0',
  `me_use` tinyint(4) NOT NULL DEFAULT '0',
  `me_mobile_use` tinyint(4) NOT NULL DEFAULT '0',
  PRIMARY KEY (`me_id`)
) ENGINE=InnoDB AUTO_INCREMENT=6 DEFAULT CHARSET=utf8;
/*!40101 SET character_set_client = @saved_cs_client */;

--
-- Dumping data for table `g5_menu`
--

LOCK TABLES `g5_menu` WRITE;
/*!40000 ALTER TABLE `g5_menu` DISABLE KEYS */;
INSERT INTO `g5_menu` VALUES (1,'10','슬롯타입생성','/slot_maketype.php','self',0,1,1),(2,'20','쇼핑슬롯 관리','/slot_manage.php','self',1,1,1),(3,'30','총판스롯단일추가','/slot_additional.php','self',2,1,1),(4,'40','사용자 관리','/slot_user.php','self',3,1,1),(5,'50','로그','/slot_log.php','self',4,1,1);
/*!40000 ALTER TABLE `g5_menu` ENABLE KEYS */;
UNLOCK TABLES;

--
-- Table structure for table `g5_new_win`
--

DROP TABLE IF EXISTS `g5_new_win`;
/*!40101 SET @saved_cs_client     = @@character_set_client */;
/*!40101 SET character_set_client = utf8 */;
CREATE TABLE `g5_new_win` (
  `nw_id` int(11) NOT NULL AUTO_INCREMENT,
  `nw_division` varchar(10) NOT NULL DEFAULT 'both',
  `nw_device` varchar(10) NOT NULL DEFAULT 'both',
  `nw_begin_time` datetime NOT NULL DEFAULT '0000-00-00 00:00:00',
  `nw_end_time` datetime NOT NULL DEFAULT '0000-00-00 00:00:00',
  `nw_disable_hours` int(11) NOT NULL DEFAULT '0',
  `nw_left` int(11) NOT NULL DEFAULT '0',
  `nw_top` int(11) NOT NULL DEFAULT '0',
  `nw_height` int(11) NOT NULL DEFAULT '0',
  `nw_width` int(11) NOT NULL DEFAULT '0',
  `nw_subject` text NOT NULL,
  `nw_content` text NOT NULL,
  `nw_content_html` tinyint(4) NOT NULL DEFAULT '0',
  PRIMARY KEY (`nw_id`)
) ENGINE=InnoDB DEFAULT CHARSET=utf8;
/*!40101 SET character_set_client = @saved_cs_client */;

--
-- Dumping data for table `g5_new_win`
--

LOCK TABLES `g5_new_win` WRITE;
/*!40000 ALTER TABLE `g5_new_win` DISABLE KEYS */;
/*!40000 ALTER TABLE `g5_new_win` ENABLE KEYS */;
UNLOCK TABLES;

--
-- Table structure for table `g5_point`
--

DROP TABLE IF EXISTS `g5_point`;
/*!40101 SET @saved_cs_client     = @@character_set_client */;
/*!40101 SET character_set_client = utf8 */;
CREATE TABLE `g5_point` (
  `po_id` int(11) NOT NULL AUTO_INCREMENT,
  `mb_id` varchar(20) NOT NULL DEFAULT '',
  `po_datetime` datetime NOT NULL DEFAULT '0000-00-00 00:00:00',
  `po_content` varchar(255) NOT NULL DEFAULT '',
  `po_point` int(11) NOT NULL DEFAULT '0',
  `po_use_point` int(11) NOT NULL DEFAULT '0',
  `po_expired` tinyint(4) NOT NULL DEFAULT '0',
  `po_expire_date` date NOT NULL DEFAULT '0000-00-00',
  `po_mb_point` int(11) NOT NULL DEFAULT '0',
  `po_rel_table` varchar(20) NOT NULL DEFAULT '',
  `po_rel_id` varchar(20) NOT NULL DEFAULT '',
  `po_rel_action` varchar(100) NOT NULL DEFAULT '',
  PRIMARY KEY (`po_id`),
  KEY `index1` (`mb_id`,`po_rel_table`,`po_rel_id`,`po_rel_action`),
  KEY `index2` (`po_expire_date`)
) ENGINE=InnoDB AUTO_INCREMENT=2 DEFAULT CHARSET=utf8;
/*!40101 SET character_set_client = @saved_cs_client */;

--
-- Dumping data for table `g5_point`
--

LOCK TABLES `g5_point` WRITE;
/*!40000 ALTER TABLE `g5_point` DISABLE KEYS */;
INSERT INTO `g5_point` VALUES (1,'slot','2023-02-14 15:08:39','2023-02-14 첫로그인',100,0,0,'9999-12-31',100,'@login','slot','2023-02-14');
/*!40000 ALTER TABLE `g5_point` ENABLE KEYS */;
UNLOCK TABLES;

--
-- Table structure for table `g5_poll`
--

DROP TABLE IF EXISTS `g5_poll`;
/*!40101 SET @saved_cs_client     = @@character_set_client */;
/*!40101 SET character_set_client = utf8 */;
CREATE TABLE `g5_poll` (
  `po_id` int(11) NOT NULL AUTO_INCREMENT,
  `po_subject` varchar(255) NOT NULL DEFAULT '',
  `po_poll1` varchar(255) NOT NULL DEFAULT '',
  `po_poll2` varchar(255) NOT NULL DEFAULT '',
  `po_poll3` varchar(255) NOT NULL DEFAULT '',
  `po_poll4` varchar(255) NOT NULL DEFAULT '',
  `po_poll5` varchar(255) NOT NULL DEFAULT '',
  `po_poll6` varchar(255) NOT NULL DEFAULT '',
  `po_poll7` varchar(255) NOT NULL DEFAULT '',
  `po_poll8` varchar(255) NOT NULL DEFAULT '',
  `po_poll9` varchar(255) NOT NULL DEFAULT '',
  `po_cnt1` int(11) NOT NULL DEFAULT '0',
  `po_cnt2` int(11) NOT NULL DEFAULT '0',
  `po_cnt3` int(11) NOT NULL DEFAULT '0',
  `po_cnt4` int(11) NOT NULL DEFAULT '0',
  `po_cnt5` int(11) NOT NULL DEFAULT '0',
  `po_cnt6` int(11) NOT NULL DEFAULT '0',
  `po_cnt7` int(11) NOT NULL DEFAULT '0',
  `po_cnt8` int(11) NOT NULL DEFAULT '0',
  `po_cnt9` int(11) NOT NULL DEFAULT '0',
  `po_etc` varchar(255) NOT NULL DEFAULT '',
  `po_level` tinyint(4) NOT NULL DEFAULT '0',
  `po_point` int(11) NOT NULL DEFAULT '0',
  `po_date` date NOT NULL DEFAULT '0000-00-00',
  `po_ips` mediumtext NOT NULL,
  `mb_ids` text NOT NULL,
  `po_use` tinyint(4) NOT NULL DEFAULT '0',
  PRIMARY KEY (`po_id`)
) ENGINE=InnoDB DEFAULT CHARSET=utf8;
/*!40101 SET character_set_client = @saved_cs_client */;

--
-- Dumping data for table `g5_poll`
--

LOCK TABLES `g5_poll` WRITE;
/*!40000 ALTER TABLE `g5_poll` DISABLE KEYS */;
/*!40000 ALTER TABLE `g5_poll` ENABLE KEYS */;
UNLOCK TABLES;

--
-- Table structure for table `g5_poll_etc`
--

DROP TABLE IF EXISTS `g5_poll_etc`;
/*!40101 SET @saved_cs_client     = @@character_set_client */;
/*!40101 SET character_set_client = utf8 */;
CREATE TABLE `g5_poll_etc` (
  `pc_id` int(11) NOT NULL DEFAULT '0',
  `po_id` int(11) NOT NULL DEFAULT '0',
  `mb_id` varchar(20) NOT NULL DEFAULT '',
  `pc_name` varchar(255) NOT NULL DEFAULT '',
  `pc_idea` varchar(255) NOT NULL DEFAULT '',
  `pc_datetime` datetime NOT NULL DEFAULT '0000-00-00 00:00:00',
  PRIMARY KEY (`pc_id`)
) ENGINE=InnoDB DEFAULT CHARSET=utf8;
/*!40101 SET character_set_client = @saved_cs_client */;

--
-- Dumping data for table `g5_poll_etc`
--

LOCK TABLES `g5_poll_etc` WRITE;
/*!40000 ALTER TABLE `g5_poll_etc` DISABLE KEYS */;
/*!40000 ALTER TABLE `g5_poll_etc` ENABLE KEYS */;
UNLOCK TABLES;

--
-- Table structure for table `g5_popular`
--

DROP TABLE IF EXISTS `g5_popular`;
/*!40101 SET @saved_cs_client     = @@character_set_client */;
/*!40101 SET character_set_client = utf8 */;
CREATE TABLE `g5_popular` (
  `pp_id` int(11) NOT NULL AUTO_INCREMENT,
  `pp_word` varchar(50) NOT NULL DEFAULT '',
  `pp_date` date NOT NULL DEFAULT '0000-00-00',
  `pp_ip` varchar(50) NOT NULL DEFAULT '',
  PRIMARY KEY (`pp_id`),
  UNIQUE KEY `index1` (`pp_date`,`pp_word`,`pp_ip`)
) ENGINE=InnoDB AUTO_INCREMENT=28 DEFAULT CHARSET=utf8;
/*!40101 SET character_set_client = @saved_cs_client */;

--
-- Dumping data for table `g5_popular`
--

LOCK TABLES `g5_popular` WRITE;
/*!40000 ALTER TABLE `g5_popular` DISABLE KEYS */;
INSERT INTO `g5_popular` VALUES (20,'1','2023-02-26','182.221.251.58'),(18,'2','2023-02-26','182.221.251.58'),(8,'27','2023-02-26','182.221.251.58'),(9,'28','2023-02-26','182.221.251.58'),(16,'29','2023-02-26','182.221.251.58'),(1,'user1','2023-02-26','182.221.251.58'),(6,'user2','2023-02-26','182.221.251.58'),(26,'27','2023-02-27','182.221.251.58'),(27,'27','2023-03-04','182.221.251.58');
/*!40000 ALTER TABLE `g5_popular` ENABLE KEYS */;
UNLOCK TABLES;

--
-- Table structure for table `g5_qa_config`
--

DROP TABLE IF EXISTS `g5_qa_config`;
/*!40101 SET @saved_cs_client     = @@character_set_client */;
/*!40101 SET character_set_client = utf8 */;
CREATE TABLE `g5_qa_config` (
  `qa_title` varchar(255) NOT NULL DEFAULT '',
  `qa_category` varchar(255) NOT NULL DEFAULT '',
  `qa_skin` varchar(255) NOT NULL DEFAULT '',
  `qa_mobile_skin` varchar(255) NOT NULL DEFAULT '',
  `qa_use_email` tinyint(4) NOT NULL DEFAULT '0',
  `qa_req_email` tinyint(4) NOT NULL DEFAULT '0',
  `qa_use_hp` tinyint(4) NOT NULL DEFAULT '0',
  `qa_req_hp` tinyint(4) NOT NULL DEFAULT '0',
  `qa_use_sms` tinyint(4) NOT NULL DEFAULT '0',
  `qa_send_number` varchar(255) NOT NULL DEFAULT '0',
  `qa_admin_hp` varchar(255) NOT NULL DEFAULT '',
  `qa_admin_email` varchar(255) NOT NULL DEFAULT '',
  `qa_use_editor` tinyint(4) NOT NULL DEFAULT '0',
  `qa_subject_len` int(11) NOT NULL DEFAULT '0',
  `qa_mobile_subject_len` int(11) NOT NULL DEFAULT '0',
  `qa_page_rows` int(11) NOT NULL DEFAULT '0',
  `qa_mobile_page_rows` int(11) NOT NULL DEFAULT '0',
  `qa_image_width` int(11) NOT NULL DEFAULT '0',
  `qa_upload_size` int(11) NOT NULL DEFAULT '0',
  `qa_insert_content` text NOT NULL,
  `qa_include_head` varchar(255) NOT NULL DEFAULT '',
  `qa_include_tail` varchar(255) NOT NULL DEFAULT '',
  `qa_content_head` text NOT NULL,
  `qa_content_tail` text NOT NULL,
  `qa_mobile_content_head` text NOT NULL,
  `qa_mobile_content_tail` text NOT NULL,
  `qa_1_subj` varchar(255) NOT NULL DEFAULT '',
  `qa_2_subj` varchar(255) NOT NULL DEFAULT '',
  `qa_3_subj` varchar(255) NOT NULL DEFAULT '',
  `qa_4_subj` varchar(255) NOT NULL DEFAULT '',
  `qa_5_subj` varchar(255) NOT NULL DEFAULT '',
  `qa_1` varchar(255) NOT NULL DEFAULT '',
  `qa_2` varchar(255) NOT NULL DEFAULT '',
  `qa_3` varchar(255) NOT NULL DEFAULT '',
  `qa_4` varchar(255) NOT NULL DEFAULT '',
  `qa_5` varchar(255) NOT NULL DEFAULT ''
) ENGINE=InnoDB DEFAULT CHARSET=utf8;
/*!40101 SET character_set_client = @saved_cs_client */;

--
-- Dumping data for table `g5_qa_config`
--

LOCK TABLES `g5_qa_config` WRITE;
/*!40000 ALTER TABLE `g5_qa_config` DISABLE KEYS */;
INSERT INTO `g5_qa_config` VALUES ('1:1문의','회원|포인트','basic','basic',1,0,1,0,0,'0','','',1,60,30,15,15,600,1048576,'','','','','','','','','','','','','','','','','');
/*!40000 ALTER TABLE `g5_qa_config` ENABLE KEYS */;
UNLOCK TABLES;

--
-- Table structure for table `g5_qa_content`
--

DROP TABLE IF EXISTS `g5_qa_content`;
/*!40101 SET @saved_cs_client     = @@character_set_client */;
/*!40101 SET character_set_client = utf8 */;
CREATE TABLE `g5_qa_content` (
  `qa_id` int(11) NOT NULL AUTO_INCREMENT,
  `qa_num` int(11) NOT NULL DEFAULT '0',
  `qa_parent` int(11) NOT NULL DEFAULT '0',
  `qa_related` int(11) NOT NULL DEFAULT '0',
  `mb_id` varchar(20) NOT NULL DEFAULT '',
  `qa_name` varchar(255) NOT NULL DEFAULT '',
  `qa_email` varchar(255) NOT NULL DEFAULT '',
  `qa_hp` varchar(255) NOT NULL DEFAULT '',
  `qa_type` tinyint(4) NOT NULL DEFAULT '0',
  `qa_category` varchar(255) NOT NULL DEFAULT '',
  `qa_email_recv` tinyint(4) NOT NULL DEFAULT '0',
  `qa_sms_recv` tinyint(4) NOT NULL DEFAULT '0',
  `qa_html` tinyint(4) NOT NULL DEFAULT '0',
  `qa_subject` varchar(255) NOT NULL DEFAULT '',
  `qa_content` text NOT NULL,
  `qa_status` tinyint(4) NOT NULL DEFAULT '0',
  `qa_file1` varchar(255) NOT NULL DEFAULT '',
  `qa_source1` varchar(255) NOT NULL DEFAULT '',
  `qa_file2` varchar(255) NOT NULL DEFAULT '',
  `qa_source2` varchar(255) NOT NULL DEFAULT '',
  `qa_ip` varchar(255) NOT NULL DEFAULT '',
  `qa_datetime` datetime NOT NULL DEFAULT '0000-00-00 00:00:00',
  `qa_1` varchar(255) NOT NULL DEFAULT '',
  `qa_2` varchar(255) NOT NULL DEFAULT '',
  `qa_3` varchar(255) NOT NULL DEFAULT '',
  `qa_4` varchar(255) NOT NULL DEFAULT '',
  `qa_5` varchar(255) NOT NULL DEFAULT '',
  PRIMARY KEY (`qa_id`),
  KEY `qa_num_parent` (`qa_num`,`qa_parent`)
) ENGINE=InnoDB DEFAULT CHARSET=utf8;
/*!40101 SET character_set_client = @saved_cs_client */;

--
-- Dumping data for table `g5_qa_content`
--

LOCK TABLES `g5_qa_content` WRITE;
/*!40000 ALTER TABLE `g5_qa_content` DISABLE KEYS */;
/*!40000 ALTER TABLE `g5_qa_content` ENABLE KEYS */;
UNLOCK TABLES;

--
-- Table structure for table `g5_scrap`
--

DROP TABLE IF EXISTS `g5_scrap`;
/*!40101 SET @saved_cs_client     = @@character_set_client */;
/*!40101 SET character_set_client = utf8 */;
CREATE TABLE `g5_scrap` (
  `ms_id` int(11) NOT NULL AUTO_INCREMENT,
  `mb_id` varchar(20) NOT NULL DEFAULT '',
  `bo_table` varchar(20) NOT NULL DEFAULT '',
  `wr_id` varchar(15) NOT NULL DEFAULT '',
  `ms_datetime` datetime NOT NULL DEFAULT '0000-00-00 00:00:00',
  PRIMARY KEY (`ms_id`),
  KEY `mb_id` (`mb_id`)
) ENGINE=InnoDB DEFAULT CHARSET=utf8;
/*!40101 SET character_set_client = @saved_cs_client */;

--
-- Dumping data for table `g5_scrap`
--

LOCK TABLES `g5_scrap` WRITE;
/*!40000 ALTER TABLE `g5_scrap` DISABLE KEYS */;
/*!40000 ALTER TABLE `g5_scrap` ENABLE KEYS */;
UNLOCK TABLES;

--
-- Table structure for table `g5_uniqid`
--

DROP TABLE IF EXISTS `g5_uniqid`;
/*!40101 SET @saved_cs_client     = @@character_set_client */;
/*!40101 SET character_set_client = utf8 */;
CREATE TABLE `g5_uniqid` (
  `uq_id` bigint(20) unsigned NOT NULL,
  `uq_ip` varchar(255) NOT NULL,
  PRIMARY KEY (`uq_id`)
) ENGINE=InnoDB DEFAULT CHARSET=utf8;
/*!40101 SET character_set_client = @saved_cs_client */;

--
-- Dumping data for table `g5_uniqid`
--

LOCK TABLES `g5_uniqid` WRITE;
/*!40000 ALTER TABLE `g5_uniqid` DISABLE KEYS */;
/*!40000 ALTER TABLE `g5_uniqid` ENABLE KEYS */;
UNLOCK TABLES;

--
-- Table structure for table `g5_visit`
--

DROP TABLE IF EXISTS `g5_visit`;
/*!40101 SET @saved_cs_client     = @@character_set_client */;
/*!40101 SET character_set_client = utf8 */;
CREATE TABLE `g5_visit` (
  `vi_id` int(11) NOT NULL DEFAULT '0',
  `vi_ip` varchar(100) NOT NULL DEFAULT '',
  `vi_date` date NOT NULL DEFAULT '0000-00-00',
  `vi_time` time NOT NULL DEFAULT '00:00:00',
  `vi_referer` text NOT NULL,
  `vi_agent` varchar(200) NOT NULL DEFAULT '',
  `vi_browser` varchar(255) NOT NULL DEFAULT '',
  `vi_os` varchar(255) NOT NULL DEFAULT '',
  `vi_device` varchar(255) NOT NULL DEFAULT '',
  PRIMARY KEY (`vi_id`),
  UNIQUE KEY `index1` (`vi_ip`,`vi_date`),
  KEY `index2` (`vi_date`)
) ENGINE=InnoDB DEFAULT CHARSET=utf8;
/*!40101 SET character_set_client = @saved_cs_client */;

--
-- Dumping data for table `g5_visit`
--

LOCK TABLES `g5_visit` WRITE;
/*!40000 ALTER TABLE `g5_visit` DISABLE KEYS */;
INSERT INTO `g5_visit` VALUES (1,'182.221.251.58','2023-02-14','13:56:32','http://slot.proit.gethompy.com/install/install_db.php','Mozilla/5.0 (Windows NT 10.0; Win64; x64) AppleWebKit/537.36 (KHTML, like Gecko) Chrome/109.0.0.0 Safari/537.36','','',''),(2,'144.86.146.234','2023-02-15','12:04:46','','Mozilla/5.0 (Windows NT 10.0; Win64; x64) AppleWebKit/537.36 (KHTML, like Gecko) Chrome/110.0.0.0 Safari/537.36','','',''),(3,'220.64.100.253','2023-02-15','12:06:02','','facebookexternalhit/1.1; kakaotalk-scrap/1.0; +https://devtalk.kakao.com/t/scrap/33984','','',''),(4,'144.86.146.234','2023-02-16','12:14:51','','Mozilla/5.0 (Windows NT 10.0; Win64; x64) AppleWebKit/537.36 (KHTML, like Gecko) Chrome/110.0.0.0 Safari/537.36','','',''),(5,'210.220.73.251','2023-02-16','12:17:00','','facebookexternalhit/1.1; kakaotalk-scrap/1.0; +https://devtalk.kakao.com/t/scrap/33984','','',''),(6,'220.64.104.3','2023-02-16','12:17:08','','facebookexternalhit/1.1; kakaotalk-scrap/1.0; +https://devtalk.kakao.com/t/scrap/33984','','',''),(7,'144.86.146.234','2023-02-17','13:45:07','','Mozilla/5.0 (Windows NT 10.0; Win64; x64) AppleWebKit/537.36 (KHTML, like Gecko) Chrome/110.0.0.0 Safari/537.36','','',''),(8,'144.86.146.234','2023-02-18','11:06:41','','Mozilla/5.0 (Windows NT 10.0; Win64; x64) AppleWebKit/537.36 (KHTML, like Gecko) Chrome/110.0.0.0 Safari/537.36','','',''),(9,'182.221.251.58','2023-02-18','15:24:35','','Mozilla/5.0 (Windows NT 10.0; Win64; x64) AppleWebKit/537.36 (KHTML, like Gecko) Chrome/109.0.0.0 Safari/537.36','','',''),(10,'121.53.80.6','2023-02-18','15:45:00','','facebookexternalhit/1.1; kakaotalk-scrap/1.0; +https://devtalk.kakao.com/t/scrap/33984','','',''),(11,'211.176.125.70','2023-02-18','21:27:13','','Mozilla/5.0 (compatible; MSIE 10.0; Windows NT 6.2; Trident/6.0)','','',''),(12,'182.221.251.58','2023-02-19','04:37:37','','Mozilla/5.0 (Windows NT 10.0; Win64; x64) AppleWebKit/537.36 (KHTML, like Gecko) Chrome/110.0.0.0 Whale/3.19.166.16 Safari/537.36','','',''),(13,'144.86.146.234','2023-02-19','18:35:34','','Mozilla/5.0 (Windows NT 10.0; Win64; x64) AppleWebKit/537.36 (KHTML, like Gecko) Chrome/110.0.0.0 Safari/537.36','','',''),(14,'182.221.251.58','2023-02-20','05:46:04','','Mozilla/5.0 (Windows NT 10.0; Win64; x64) AppleWebKit/537.36 (KHTML, like Gecko) Chrome/109.0.0.0 Safari/537.36','','',''),(15,'121.53.80.251','2023-02-20','05:58:45','','facebookexternalhit/1.1; kakaotalk-scrap/1.0; +https://devtalk.kakao.com/t/scrap/33984','','',''),(16,'209.171.88.45','2023-02-20','06:12:01','','Mozilla/5.0 (Linux; Android 12; SM-N976N Build/SP1A.210812.016; wv) AppleWebKit/537.36 (KHTML, like Gecko) Version/4.0 Chrome/109.0.5414.117 Mobile Safari/537.36;KAKAOTALK 2410070','','',''),(17,'210.220.74.251','2023-02-20','11:16:22','','facebookexternalhit/1.1; kakaotalk-scrap/1.0; +https://devtalk.kakao.com/t/scrap/33984','','',''),(18,'144.86.146.234','2023-02-21','10:15:05','','Mozilla/5.0 (Windows NT 10.0; Win64; x64) AppleWebKit/537.36 (KHTML, like Gecko) Chrome/110.0.0.0 Safari/537.36','','',''),(19,'144.86.146.234','2023-02-23','16:52:56','','Mozilla/5.0 (Windows NT 10.0; Win64; x64) AppleWebKit/537.36 (KHTML, like Gecko) Chrome/110.0.0.0 Safari/537.36','','',''),(20,'14.63.1.118','2023-02-23','17:06:31','','Mozilla/5.0 (Windows NT 10.0; Win64; x64) AppleWebKit/537.36 (KHTML, like Gecko) Chrome/110.0.0.0 Safari/537.36','','',''),(21,'182.221.251.58','2023-02-25','15:04:42','','Mozilla/5.0 (Windows NT 10.0; Win64; x64) AppleWebKit/537.36 (KHTML, like Gecko) Chrome/110.0.0.0 Safari/537.36','','',''),(22,'182.221.251.58','2023-02-26','21:20:33','http://slot.proit.gethompy.com/slot_additional.php','Mozilla/5.0 (Windows NT 10.0; Win64; x64) AppleWebKit/537.36 (KHTML, like Gecko) Chrome/110.0.0.0 Safari/537.36','','',''),(23,'14.63.1.118','2023-02-27','11:04:05','','Mozilla/5.0 (Windows NT 10.0; Win64; x64) AppleWebKit/537.36 (KHTML, like Gecko) Chrome/110.0.0.0 Safari/537.36','','',''),(24,'121.53.181.4','2023-02-27','16:21:45','','facebookexternalhit/1.1; kakaotalk-scrap/1.0; +https://devtalk.kakao.com/t/scrap/33984','','',''),(25,'220.64.105.0','2023-02-27','16:21:45','','facebookexternalhit/1.1; kakaotalk-scrap/1.0; +https://devtalk.kakao.com/t/scrap/33984','','',''),(26,'144.86.146.234','2023-02-27','16:21:52','','Mozilla/5.0 (Linux; Android 12; SM-N976N Build/SP1A.210812.016; wv) AppleWebKit/537.36 (KHTML, like Gecko) Version/4.0 Chrome/110.0.5481.65 Mobile Safari/537.36;KAKAOTALK 2410101','','',''),(27,'14.7.33.34','2023-02-27','16:22:42','','Mozilla/5.0 (Windows NT 10.0; Win64; x64) AppleWebKit/537.36 (KHTML, like Gecko) Chrome/109.0.0.0 Safari/537.36','','',''),(28,'210.220.74.6','2023-02-27','17:22:25','','facebookexternalhit/1.1; kakaotalk-scrap/1.0; +https://devtalk.kakao.com/t/scrap/33984','','',''),(29,'14.7.33.105','2023-02-27','17:22:31','','Mozilla/5.0 (Windows NT 10.0; Win64; x64) AppleWebKit/537.36 (KHTML, like Gecko) Chrome/110.0.0.0 Safari/537.36','','',''),(30,'210.220.95.2','2023-02-28','13:22:21','','facebookexternalhit/1.1; kakaotalk-scrap/1.0; +https://devtalk.kakao.com/t/scrap/33984','','',''),(31,'182.221.251.58','2023-03-01','09:13:26','http://slot.proit.gethompy.com/slot_store_change.php','Mozilla/5.0 (Windows NT 10.0; Win64; x64) AppleWebKit/537.36 (KHTML, like Gecko) Chrome/110.0.0.0 Safari/537.36','','',''),(32,'14.7.33.34','2023-03-01','18:20:16','','Mozilla/5.0 (Windows NT 10.0; Win64; x64) AppleWebKit/537.36 (KHTML, like Gecko) Chrome/109.0.0.0 Safari/537.36','','',''),(33,'220.64.104.5','2023-03-01','18:23:45','','facebookexternalhit/1.1; kakaotalk-scrap/1.0; +https://devtalk.kakao.com/t/scrap/33984','','',''),(34,'210.220.86.1','2023-03-01','18:23:46','','facebookexternalhit/1.1; kakaotalk-scrap/1.0; +https://devtalk.kakao.com/t/scrap/33984','','',''),(35,'223.33.165.65','2023-03-01','18:26:05','','Mozilla/5.0 (Linux; Android 10; SM-N960N Build/QP1A.190711.020; wv) AppleWebKit/537.36 (KHTML, like Gecko) Version/4.0 Chrome/110.0.5481.154 Mobile Safari/537.36;KAKAOTALK 2410110','','',''),(36,'210.220.70.0','2023-03-01','20:25:41','','facebookexternalhit/1.1; kakaotalk-scrap/1.0; +https://devtalk.kakao.com/t/scrap/33984','','',''),(37,'211.215.229.103','2023-03-01','20:25:43','','Mozilla/5.0 (Windows NT 10.0; Win64; x64) AppleWebKit/537.36 (KHTML, like Gecko) Chrome/110.0.0.0 Safari/537.36 Edg/110.0.1587.57','','',''),(38,'121.53.180.248','2023-03-02','09:37:07','','facebookexternalhit/1.1; kakaotalk-scrap/1.0; +https://devtalk.kakao.com/t/scrap/33984','','',''),(39,'223.62.202.145','2023-03-02','09:49:35','','Mozilla/5.0 (Windows NT 10.0; Win64; x64) AppleWebKit/537.36 (KHTML, like Gecko) Chrome/110.0.0.0 Safari/537.36 Edg/110.0.1587.56','','',''),(40,'121.53.80.6','2023-03-02','12:16:58','','facebookexternalhit/1.1; kakaotalk-scrap/1.0; +https://devtalk.kakao.com/t/scrap/33984','','',''),(41,'175.213.86.225','2023-03-02','14:57:40','','Mozilla/5.0 (Windows NT 10.0; Win64; x64) AppleWebKit/537.36 (KHTML, like Gecko) Chrome/110.0.0.0 Safari/537.36 Edg/110.0.1587.56','','',''),(42,'182.221.251.58','2023-03-03','04:19:05','','Mozilla/5.0 (Windows NT 10.0; Win64; x64) AppleWebKit/537.36 (KHTML, like Gecko) Chrome/110.0.0.0 Safari/537.36','','',''),(43,'211.249.40.25','2023-03-03','11:05:00','','Carbon','','',''),(44,'220.230.168.11','2023-03-03','11:05:00','','Mozilla/5.0 (Macintosh; Intel Mac OS X 10_15_7) AppleWebKit/537.36 (KHTML, like Gecko) Chrome/90.0.4430.85 Safari/537.36','','',''),(45,'14.7.33.34','2023-03-03','13:32:48','http://slot.proit.gethompy.com/slot_manage.php','Mozilla/5.0 (Windows NT 10.0; Win64; x64) AppleWebKit/537.36 (KHTML, like Gecko) Chrome/109.0.0.0 Safari/537.36','','',''),(46,'175.126.114.120','2023-03-03','17:54:32','http://slot.proit.gethompy.com/login.php?url=%2Findex.php','Mozilla/5.0 (Windows NT 10.0; Win64; x64) AppleWebKit/537.36 (KHTML, like Gecko) Chrome/108.0.5359.125 Safari/537.36','','',''),(47,'182.221.251.58','2023-03-04','10:29:35','http://slot.proit.gethompy.com/slot_user.php','Mozilla/5.0 (Windows NT 10.0; Win64; x64) AppleWebKit/537.36 (KHTML, like Gecko) Chrome/110.0.0.0 Safari/537.36','','',''),(48,'210.220.70.1','2023-03-04','21:34:49','','facebookexternalhit/1.1; kakaotalk-scrap/1.0; +https://devtalk.kakao.com/t/scrap/33984','','',''),(49,'121.161.58.56','2023-03-04','21:35:24','','Mozilla/5.0 (Windows NT 10.0; Win64; x64) AppleWebKit/537.36 (KHTML, like Gecko) Chrome/110.0.0.0 Safari/537.36','','',''),(50,'121.53.181.0','2023-03-06','01:44:32','','facebookexternalhit/1.1; kakaotalk-scrap/1.0; +https://devtalk.kakao.com/t/scrap/33984','','',''),(51,'142.114.220.221','2023-03-06','11:01:24','','Mozilla/5.0 (Windows NT 10.0; Win64; x64) AppleWebKit/537.36 (KHTML, like Gecko) Chrome/110.0.0.0 Safari/537.36','','',''),(52,'112.145.143.228','2023-03-06','11:17:22','','Mozilla/5.0 (Windows NT 10.0; Win64; x64) AppleWebKit/537.36 (KHTML, like Gecko) Chrome/110.0.0.0 Safari/537.36','','','');
/*!40000 ALTER TABLE `g5_visit` ENABLE KEYS */;
UNLOCK TABLES;

--
-- Table structure for table `g5_visit_sum`
--

DROP TABLE IF EXISTS `g5_visit_sum`;
/*!40101 SET @saved_cs_client     = @@character_set_client */;
/*!40101 SET character_set_client = utf8 */;
CREATE TABLE `g5_visit_sum` (
  `vs_date` date NOT NULL DEFAULT '0000-00-00',
  `vs_count` int(11) NOT NULL DEFAULT '0',
  PRIMARY KEY (`vs_date`),
  KEY `index1` (`vs_count`)
) ENGINE=InnoDB DEFAULT CHARSET=utf8;
/*!40101 SET character_set_client = @saved_cs_client */;

--
-- Dumping data for table `g5_visit_sum`
--

LOCK TABLES `g5_visit_sum` WRITE;
/*!40000 ALTER TABLE `g5_visit_sum` DISABLE KEYS */;
INSERT INTO `g5_visit_sum` VALUES ('2023-02-14',1),('2023-02-17',1),('2023-02-21',1),('2023-02-25',1),('2023-02-26',1),('2023-02-28',1),('2023-02-15',2),('2023-02-19',2),('2023-02-23',2),('2023-02-16',3),('2023-03-04',3),('2023-03-06',3),('2023-02-18',4),('2023-02-20',4),('2023-03-02',4),('2023-03-03',5),('2023-02-27',7),('2023-03-01',7);
/*!40000 ALTER TABLE `g5_visit_sum` ENABLE KEYS */;
UNLOCK TABLES;

--
-- Table structure for table `g5_write_excel`
--

DROP TABLE IF EXISTS `g5_write_excel`;
/*!40101 SET @saved_cs_client     = @@character_set_client */;
/*!40101 SET character_set_client = utf8 */;
CREATE TABLE `g5_write_excel` (
  `wr_id` int(11) NOT NULL AUTO_INCREMENT,
  `wr_num` int(11) NOT NULL DEFAULT '0',
  `wr_reply` varchar(10) NOT NULL,
  `wr_parent` int(11) NOT NULL DEFAULT '0',
  `wr_is_comment` tinyint(4) NOT NULL DEFAULT '0',
  `wr_comment` int(11) NOT NULL DEFAULT '0',
  `wr_comment_reply` varchar(5) NOT NULL,
  `ca_name` varchar(255) NOT NULL,
  `wr_option` set('html1','html2','secret','mail') NOT NULL,
  `wr_subject` varchar(255) NOT NULL,
  `wr_content` text NOT NULL,
  `wr_seo_title` varchar(255) NOT NULL DEFAULT '',
  `wr_link1` text NOT NULL,
  `wr_link2` text NOT NULL,
  `wr_link1_hit` int(11) NOT NULL DEFAULT '0',
  `wr_link2_hit` int(11) NOT NULL DEFAULT '0',
  `wr_hit` int(11) NOT NULL DEFAULT '0',
  `wr_good` int(11) NOT NULL DEFAULT '0',
  `wr_nogood` int(11) NOT NULL DEFAULT '0',
  `mb_id` varchar(20) NOT NULL,
  `wr_password` varchar(255) NOT NULL,
  `wr_name` varchar(255) NOT NULL,
  `wr_email` varchar(255) NOT NULL,
  `wr_homepage` varchar(255) NOT NULL,
  `wr_datetime` datetime NOT NULL DEFAULT '0000-00-00 00:00:00',
  `wr_file` tinyint(4) NOT NULL DEFAULT '0',
  `wr_last` varchar(19) NOT NULL,
  `wr_ip` varchar(255) NOT NULL,
  `wr_facebook_user` varchar(255) NOT NULL,
  `wr_twitter_user` varchar(255) NOT NULL,
  `wr_1` varchar(255) NOT NULL,
  `wr_2` varchar(255) NOT NULL,
  `wr_3` varchar(255) NOT NULL,
  `wr_4` varchar(255) NOT NULL,
  `wr_5` varchar(255) NOT NULL,
  `wr_6` varchar(255) NOT NULL,
  `wr_7` varchar(255) NOT NULL,
  `wr_8` varchar(255) NOT NULL,
  `wr_9` varchar(255) NOT NULL,
  `wr_10` varchar(255) NOT NULL,
  PRIMARY KEY (`wr_id`),
  KEY `wr_seo_title` (`wr_seo_title`),
  KEY `wr_num_reply_parent` (`wr_num`,`wr_reply`,`wr_parent`),
  KEY `wr_is_comment` (`wr_is_comment`,`wr_id`)
) ENGINE=InnoDB AUTO_INCREMENT=24 DEFAULT CHARSET=utf8;
/*!40101 SET character_set_client = @saved_cs_client */;

--
-- Dumping data for table `g5_write_excel`
--

LOCK TABLES `g5_write_excel` WRITE;
/*!40000 ALTER TABLE `g5_write_excel` DISABLE KEYS */;
INSERT INTO `g5_write_excel` VALUES (13,-1,'',13,0,0,'','','html1','2023-03-01 17:58:26엑셀 등록','2023-03-01 17:58:26엑셀 등록','','','',0,0,0,0,0,'slot','','관리자','','','2023-03-01 17:58:26',1,'2023-03-01 17:58:26','182.221.251.58','','','','','','','','','','','',''),(14,-2,'',14,0,0,'','','html1','2023-03-01 17:58:34엑셀 등록','2023-03-01 17:58:34엑셀 등록','','','',0,0,0,0,0,'slot','','관리자','','','2023-03-01 17:58:34',1,'2023-03-01 17:58:34','182.221.251.58','','','','','','','','','','','',''),(15,-3,'',15,0,0,'','','html1','2023-03-01 22:29:30엑셀 등록','2023-03-01 22:29:30엑셀 등록','','','',0,0,0,0,0,'slot','','관리자','','','2023-03-01 22:29:30',1,'2023-03-01 22:29:30','182.221.251.58','','','','','','','','','','','',''),(16,-4,'',16,0,0,'','','html1','2023-03-02 06:05:57엑셀 등록','2023-03-02 06:05:57엑셀 등록','','','',0,0,0,0,0,'slot','','관리자','','','2023-03-02 06:05:57',0,'2023-03-02 06:05:57','182.221.251.58','','','','','','','','','','','',''),(17,-5,'',17,0,0,'','','html1','2023-03-02 06:06:57엑셀 등록','2023-03-02 06:06:57엑셀 등록','','','',0,0,0,0,0,'slot','','관리자','','','2023-03-02 06:06:57',1,'2023-03-02 06:06:57','182.221.251.58','','','','','','','','','','','',''),(18,-6,'',18,0,0,'','','html1','2023-03-02 06:08:05엑셀 등록','2023-03-02 06:08:05엑셀 등록','','','',0,0,0,0,0,'slot','','관리자','','','2023-03-02 06:08:05',1,'2023-03-02 06:08:05','182.221.251.58','','','','','','','','','','','',''),(19,-7,'',19,0,0,'','','html1','2023-03-02 06:08:27엑셀 등록','2023-03-02 06:08:27엑셀 등록','','','',0,0,0,0,0,'slot','','관리자','','','2023-03-02 06:08:27',1,'2023-03-02 06:08:27','182.221.251.58','','','','','','','','','','','',''),(20,-8,'',20,0,0,'','','html1','2023-03-02 06:12:15엑셀 등록','2023-03-02 06:12:15엑셀 등록','','','',0,0,0,0,0,'slot','','관리자','','','2023-03-02 06:12:15',1,'2023-03-02 06:12:15','182.221.251.58','','','','','','','','','','','',''),(21,-9,'',21,0,0,'','','html1','2023-03-02 06:12:45엑셀 등록','2023-03-02 06:12:45엑셀 등록','','','',0,0,0,0,0,'slot','','관리자','','','2023-03-02 06:12:45',1,'2023-03-02 06:12:45','182.221.251.58','','','','','','','','','','','',''),(22,-10,'',22,0,0,'','','html1','2023-03-02 06:13:32엑셀 등록','2023-03-02 06:13:32엑셀 등록','','','',0,0,0,0,0,'slot','','관리자','','','2023-03-02 06:13:32',1,'2023-03-02 06:13:32','182.221.251.58','','','','','','','','','','','',''),(23,-11,'',23,0,0,'','','html1','2023-03-02 06:17:05엑셀 등록','2023-03-02 06:17:05엑셀 등록','','','',0,0,0,0,0,'slot','','관리자','','','2023-03-02 06:17:05',1,'2023-03-02 06:17:05','182.221.251.58','','','','','','','','','','','','');
/*!40000 ALTER TABLE `g5_write_excel` ENABLE KEYS */;
UNLOCK TABLES;

--
-- Table structure for table `g5_write_free`
--

DROP TABLE IF EXISTS `g5_write_free`;
/*!40101 SET @saved_cs_client     = @@character_set_client */;
/*!40101 SET character_set_client = utf8 */;
CREATE TABLE `g5_write_free` (
  `wr_id` int(11) NOT NULL AUTO_INCREMENT,
  `wr_num` int(11) NOT NULL DEFAULT '0',
  `wr_reply` varchar(10) NOT NULL,
  `wr_parent` int(11) NOT NULL DEFAULT '0',
  `wr_is_comment` tinyint(4) NOT NULL DEFAULT '0',
  `wr_comment` int(11) NOT NULL DEFAULT '0',
  `wr_comment_reply` varchar(5) NOT NULL,
  `ca_name` varchar(255) NOT NULL,
  `wr_option` set('html1','html2','secret','mail') NOT NULL,
  `wr_subject` varchar(255) NOT NULL,
  `wr_content` text NOT NULL,
  `wr_seo_title` varchar(255) NOT NULL DEFAULT '',
  `wr_link1` text NOT NULL,
  `wr_link2` text NOT NULL,
  `wr_link1_hit` int(11) NOT NULL DEFAULT '0',
  `wr_link2_hit` int(11) NOT NULL DEFAULT '0',
  `wr_hit` int(11) NOT NULL DEFAULT '0',
  `wr_good` int(11) NOT NULL DEFAULT '0',
  `wr_nogood` int(11) NOT NULL DEFAULT '0',
  `mb_id` varchar(20) NOT NULL,
  `wr_password` varchar(255) NOT NULL,
  `wr_name` varchar(255) NOT NULL,
  `wr_email` varchar(255) NOT NULL,
  `wr_homepage` varchar(255) NOT NULL,
  `wr_datetime` datetime NOT NULL DEFAULT '0000-00-00 00:00:00',
  `wr_file` tinyint(4) NOT NULL DEFAULT '0',
  `wr_last` varchar(19) NOT NULL,
  `wr_ip` varchar(255) NOT NULL,
  `wr_facebook_user` varchar(255) NOT NULL,
  `wr_twitter_user` varchar(255) NOT NULL,
  `wr_1` varchar(255) NOT NULL,
  `wr_2` varchar(255) NOT NULL,
  `wr_3` varchar(255) NOT NULL,
  `wr_4` varchar(255) NOT NULL,
  `wr_5` varchar(255) NOT NULL,
  `wr_6` varchar(255) NOT NULL,
  `wr_7` varchar(255) NOT NULL,
  `wr_8` varchar(255) NOT NULL,
  `wr_9` varchar(255) NOT NULL,
  `wr_10` varchar(255) NOT NULL,
  PRIMARY KEY (`wr_id`),
  KEY `wr_seo_title` (`wr_seo_title`),
  KEY `wr_num_reply_parent` (`wr_num`,`wr_reply`,`wr_parent`),
  KEY `wr_is_comment` (`wr_is_comment`,`wr_id`)
) ENGINE=InnoDB DEFAULT CHARSET=utf8;
/*!40101 SET character_set_client = @saved_cs_client */;

--
-- Dumping data for table `g5_write_free`
--

LOCK TABLES `g5_write_free` WRITE;
/*!40000 ALTER TABLE `g5_write_free` DISABLE KEYS */;
/*!40000 ALTER TABLE `g5_write_free` ENABLE KEYS */;
UNLOCK TABLES;

--
-- Table structure for table `g5_write_gallery`
--

DROP TABLE IF EXISTS `g5_write_gallery`;
/*!40101 SET @saved_cs_client     = @@character_set_client */;
/*!40101 SET character_set_client = utf8 */;
CREATE TABLE `g5_write_gallery` (
  `wr_id` int(11) NOT NULL AUTO_INCREMENT,
  `wr_num` int(11) NOT NULL DEFAULT '0',
  `wr_reply` varchar(10) NOT NULL,
  `wr_parent` int(11) NOT NULL DEFAULT '0',
  `wr_is_comment` tinyint(4) NOT NULL DEFAULT '0',
  `wr_comment` int(11) NOT NULL DEFAULT '0',
  `wr_comment_reply` varchar(5) NOT NULL,
  `ca_name` varchar(255) NOT NULL,
  `wr_option` set('html1','html2','secret','mail') NOT NULL,
  `wr_subject` varchar(255) NOT NULL,
  `wr_content` text NOT NULL,
  `wr_seo_title` varchar(255) NOT NULL DEFAULT '',
  `wr_link1` text NOT NULL,
  `wr_link2` text NOT NULL,
  `wr_link1_hit` int(11) NOT NULL DEFAULT '0',
  `wr_link2_hit` int(11) NOT NULL DEFAULT '0',
  `wr_hit` int(11) NOT NULL DEFAULT '0',
  `wr_good` int(11) NOT NULL DEFAULT '0',
  `wr_nogood` int(11) NOT NULL DEFAULT '0',
  `mb_id` varchar(20) NOT NULL,
  `wr_password` varchar(255) NOT NULL,
  `wr_name` varchar(255) NOT NULL,
  `wr_email` varchar(255) NOT NULL,
  `wr_homepage` varchar(255) NOT NULL,
  `wr_datetime` datetime NOT NULL DEFAULT '0000-00-00 00:00:00',
  `wr_file` tinyint(4) NOT NULL DEFAULT '0',
  `wr_last` varchar(19) NOT NULL,
  `wr_ip` varchar(255) NOT NULL,
  `wr_facebook_user` varchar(255) NOT NULL,
  `wr_twitter_user` varchar(255) NOT NULL,
  `wr_1` varchar(255) NOT NULL,
  `wr_2` varchar(255) NOT NULL,
  `wr_3` varchar(255) NOT NULL,
  `wr_4` varchar(255) NOT NULL,
  `wr_5` varchar(255) NOT NULL,
  `wr_6` varchar(255) NOT NULL,
  `wr_7` varchar(255) NOT NULL,
  `wr_8` varchar(255) NOT NULL,
  `wr_9` varchar(255) NOT NULL,
  `wr_10` varchar(255) NOT NULL,
  PRIMARY KEY (`wr_id`),
  KEY `wr_seo_title` (`wr_seo_title`),
  KEY `wr_num_reply_parent` (`wr_num`,`wr_reply`,`wr_parent`),
  KEY `wr_is_comment` (`wr_is_comment`,`wr_id`)
) ENGINE=InnoDB DEFAULT CHARSET=utf8;
/*!40101 SET character_set_client = @saved_cs_client */;

--
-- Dumping data for table `g5_write_gallery`
--

LOCK TABLES `g5_write_gallery` WRITE;
/*!40000 ALTER TABLE `g5_write_gallery` DISABLE KEYS */;
/*!40000 ALTER TABLE `g5_write_gallery` ENABLE KEYS */;
UNLOCK TABLES;

--
-- Table structure for table `g5_write_notice`
--

DROP TABLE IF EXISTS `g5_write_notice`;
/*!40101 SET @saved_cs_client     = @@character_set_client */;
/*!40101 SET character_set_client = utf8 */;
CREATE TABLE `g5_write_notice` (
  `wr_id` int(11) NOT NULL AUTO_INCREMENT,
  `wr_num` int(11) NOT NULL DEFAULT '0',
  `wr_reply` varchar(10) NOT NULL,
  `wr_parent` int(11) NOT NULL DEFAULT '0',
  `wr_is_comment` tinyint(4) NOT NULL DEFAULT '0',
  `wr_comment` int(11) NOT NULL DEFAULT '0',
  `wr_comment_reply` varchar(5) NOT NULL,
  `ca_name` varchar(255) NOT NULL,
  `wr_option` set('html1','html2','secret','mail') NOT NULL,
  `wr_subject` varchar(255) NOT NULL,
  `wr_content` text NOT NULL,
  `wr_seo_title` varchar(255) NOT NULL DEFAULT '',
  `wr_link1` text NOT NULL,
  `wr_link2` text NOT NULL,
  `wr_link1_hit` int(11) NOT NULL DEFAULT '0',
  `wr_link2_hit` int(11) NOT NULL DEFAULT '0',
  `wr_hit` int(11) NOT NULL DEFAULT '0',
  `wr_good` int(11) NOT NULL DEFAULT '0',
  `wr_nogood` int(11) NOT NULL DEFAULT '0',
  `mb_id` varchar(20) NOT NULL,
  `wr_password` varchar(255) NOT NULL,
  `wr_name` varchar(255) NOT NULL,
  `wr_email` varchar(255) NOT NULL,
  `wr_homepage` varchar(255) NOT NULL,
  `wr_datetime` datetime NOT NULL DEFAULT '0000-00-00 00:00:00',
  `wr_file` tinyint(4) NOT NULL DEFAULT '0',
  `wr_last` varchar(19) NOT NULL,
  `wr_ip` varchar(255) NOT NULL,
  `wr_facebook_user` varchar(255) NOT NULL,
  `wr_twitter_user` varchar(255) NOT NULL,
  `wr_1` varchar(255) NOT NULL,
  `wr_2` varchar(255) NOT NULL,
  `wr_3` varchar(255) NOT NULL,
  `wr_4` varchar(255) NOT NULL,
  `wr_5` varchar(255) NOT NULL,
  `wr_6` varchar(255) NOT NULL,
  `wr_7` varchar(255) NOT NULL,
  `wr_8` varchar(255) NOT NULL,
  `wr_9` varchar(255) NOT NULL,
  `wr_10` varchar(255) NOT NULL,
  PRIMARY KEY (`wr_id`),
  KEY `wr_seo_title` (`wr_seo_title`),
  KEY `wr_num_reply_parent` (`wr_num`,`wr_reply`,`wr_parent`),
  KEY `wr_is_comment` (`wr_is_comment`,`wr_id`)
) ENGINE=InnoDB DEFAULT CHARSET=utf8;
/*!40101 SET character_set_client = @saved_cs_client */;

--
-- Dumping data for table `g5_write_notice`
--

LOCK TABLES `g5_write_notice` WRITE;
/*!40000 ALTER TABLE `g5_write_notice` DISABLE KEYS */;
/*!40000 ALTER TABLE `g5_write_notice` ENABLE KEYS */;
UNLOCK TABLES;

--
-- Table structure for table `g5_write_qa`
--

DROP TABLE IF EXISTS `g5_write_qa`;
/*!40101 SET @saved_cs_client     = @@character_set_client */;
/*!40101 SET character_set_client = utf8 */;
CREATE TABLE `g5_write_qa` (
  `wr_id` int(11) NOT NULL AUTO_INCREMENT,
  `wr_num` int(11) NOT NULL DEFAULT '0',
  `wr_reply` varchar(10) NOT NULL,
  `wr_parent` int(11) NOT NULL DEFAULT '0',
  `wr_is_comment` tinyint(4) NOT NULL DEFAULT '0',
  `wr_comment` int(11) NOT NULL DEFAULT '0',
  `wr_comment_reply` varchar(5) NOT NULL,
  `ca_name` varchar(255) NOT NULL,
  `wr_option` set('html1','html2','secret','mail') NOT NULL,
  `wr_subject` varchar(255) NOT NULL,
  `wr_content` text NOT NULL,
  `wr_seo_title` varchar(255) NOT NULL DEFAULT '',
  `wr_link1` text NOT NULL,
  `wr_link2` text NOT NULL,
  `wr_link1_hit` int(11) NOT NULL DEFAULT '0',
  `wr_link2_hit` int(11) NOT NULL DEFAULT '0',
  `wr_hit` int(11) NOT NULL DEFAULT '0',
  `wr_good` int(11) NOT NULL DEFAULT '0',
  `wr_nogood` int(11) NOT NULL DEFAULT '0',
  `mb_id` varchar(20) NOT NULL,
  `wr_password` varchar(255) NOT NULL,
  `wr_name` varchar(255) NOT NULL,
  `wr_email` varchar(255) NOT NULL,
  `wr_homepage` varchar(255) NOT NULL,
  `wr_datetime` datetime NOT NULL DEFAULT '0000-00-00 00:00:00',
  `wr_file` tinyint(4) NOT NULL DEFAULT '0',
  `wr_last` varchar(19) NOT NULL,
  `wr_ip` varchar(255) NOT NULL,
  `wr_facebook_user` varchar(255) NOT NULL,
  `wr_twitter_user` varchar(255) NOT NULL,
  `wr_1` varchar(255) NOT NULL,
  `wr_2` varchar(255) NOT NULL,
  `wr_3` varchar(255) NOT NULL,
  `wr_4` varchar(255) NOT NULL,
  `wr_5` varchar(255) NOT NULL,
  `wr_6` varchar(255) NOT NULL,
  `wr_7` varchar(255) NOT NULL,
  `wr_8` varchar(255) NOT NULL,
  `wr_9` varchar(255) NOT NULL,
  `wr_10` varchar(255) NOT NULL,
  PRIMARY KEY (`wr_id`),
  KEY `wr_seo_title` (`wr_seo_title`),
  KEY `wr_num_reply_parent` (`wr_num`,`wr_reply`,`wr_parent`),
  KEY `wr_is_comment` (`wr_is_comment`,`wr_id`)
) ENGINE=InnoDB DEFAULT CHARSET=utf8;
/*!40101 SET character_set_client = @saved_cs_client */;

--
-- Dumping data for table `g5_write_qa`
--

LOCK TABLES `g5_write_qa` WRITE;
/*!40000 ALTER TABLE `g5_write_qa` DISABLE KEYS */;
/*!40000 ALTER TABLE `g5_write_qa` ENABLE KEYS */;
UNLOCK TABLES;

--
-- Table structure for table `k_log`
--

DROP TABLE IF EXISTS `k_log`;
/*!40101 SET @saved_cs_client     = @@character_set_client */;
/*!40101 SET character_set_client = utf8 */;
CREATE TABLE `k_log` (
  `seq` int(10) unsigned NOT NULL AUTO_INCREMENT COMMENT '로그아이디',
  `mb_id` varchar(50) CHARACTER SET utf8mb4 NOT NULL COMMENT '로그기록사용자아이디',
  `first_id` varchar(50) NOT NULL COMMENT '로그기록총판아이디',
  `second_id` varchar(50) NOT NULL COMMENT '로그기록대리점아이디',
  `mb_name` varchar(50) NOT NULL COMMENT '고르기록사용자명',
  `first_name` varchar(50) NOT NULL COMMENT '로그기록총판명',
  `second_name` varchar(50) NOT NULL COMMENT '로그기록대리점명',
  `target_first_id` varchar(50) NOT NULL COMMENT '대상총판아이디',
  `target_first_name` varchar(50) NOT NULL COMMENT '대상총판명',
  `target_second_id` varchar(50) NOT NULL COMMENT '대상대리점아이디',
  `target_second_name` varchar(50) NOT NULL COMMENT '대상대리점명',
  `target_id` varchar(50) NOT NULL COMMENT '대상아이디',
  `target_name` varchar(50) NOT NULL COMMENT '대상자명',
  `type` varchar(50) NOT NULL COMMENT '로그타입(delete_slot:슬롯삭제, add_slot:슬롯추가,add_period:기간연장)',
  `slot_seq` int(11) NOT NULL DEFAULT '0' COMMENT '슬롯아이디',
  `count` int(11) NOT NULL DEFAULT '0' COMMENT '슬롯개수',
  `slot_type_seq` int(11) NOT NULL DEFAULT '0' COMMENT '슬롯타입아이디',
  `slot_type_name` varchar(50) NOT NULL COMMENT '슬롯타입명',
  `start` date NOT NULL COMMENT '시작일',
  `end` date NOT NULL COMMENT '만료일',
  `last_end` date NOT NULL COMMENT '연장하기전만료일',
  `created` datetime NOT NULL COMMENT '로그생성일시',
  `updated` timestamp NOT NULL DEFAULT CURRENT_TIMESTAMP ON UPDATE CURRENT_TIMESTAMP COMMENT '로그수정일시',
  `store_name` varchar(50) NOT NULL COMMENT '스토어 명',
  PRIMARY KEY (`seq`) USING BTREE,
  KEY `type` (`type`)
) ENGINE=MyISAM AUTO_INCREMENT=94 DEFAULT CHARSET=utf8 ROW_FORMAT=DYNAMIC;
/*!40101 SET character_set_client = @saved_cs_client */;

--
-- Dumping data for table `k_log`
--

LOCK TABLES `k_log` WRITE;
/*!40000 ALTER TABLE `k_log` DISABLE KEYS */;
INSERT INTO `k_log` VALUES (30,'slot','','','관리자','','','','','','','user3','사용자3','add_slot',0,20,26,'PC 120타','2023-03-01','2023-03-31','0000-00-00','2023-03-01 10:35:15','2023-03-01 01:35:15'),(31,'slot','','','관리자','','','','','','','user1','사용자1','add_slot',0,10,29,'PC 무한타','2023-03-02','2023-03-17','0000-00-00','2023-03-01 10:40:39','2023-03-01 01:40:39'),(34,'slot','','','관리자','','','','','','','user3','사용자3','add_period',48,0,26,'PC 120타','0000-00-00','2023-04-21','2023-04-14','2023-03-01 10:49:38','2023-03-01 01:49:38'),(35,'slot','','','관리자','','','','','','','user3','사용자3','add_period',48,0,26,'PC 120타','2023-03-01','2023-04-28','2023-04-21','2023-03-01 10:50:04','2023-03-01 01:50:04'),(36,'slot','','','관리자','','','','','','','user3','사용자3','delete_slot',48,0,26,'PC 120타','2023-03-01','2023-04-28','0000-00-00','2023-03-01 10:52:09','2023-03-01 01:52:09'),(37,'slot','','','관리자','','','','','','','user3','사용자3','delete_slot',47,0,26,'PC 120타','2023-03-01','2023-03-31','0000-00-00','2023-03-01 10:52:11','2023-03-01 01:52:11'),(38,'slot','','','관리자','','','','','','','user3','사용자3','delete_slot',49,0,26,'PC 120타','2023-03-01','2023-03-31','0000-00-00','2023-03-01 10:52:13','2023-03-01 01:52:13'),(39,'slot','','','관리자','','','chong2','총판2','da1','대리점1','user5','사용자5','add_slot',0,5,25,'PC 무한타 T','2023-03-01','2023-03-04','0000-00-00','2023-03-01 11:01:31','2023-03-01 02:01:31'),(40,'slot','','','관리자','','','chong2','총판2','da1','대리점1','user5','사용자5','add_period',79,0,25,'PC 무한타 T','2023-03-01','2023-03-11','2023-03-04','2023-03-01 11:02:43','2023-03-01 02:02:43'),(41,'slot','','','관리자','','','chong2','총판2','da1','대리점1','user5','사용자5','delete_slot',78,0,25,'PC 무한타 T','2023-03-01','2023-03-04','0000-00-00','2023-03-01 11:02:53','2023-03-01 02:02:53'),(42,'chong1','','','총판1','','','chong1','총판1','da2','대리점2','user3','사용자3','add_slot',0,10,26,'PC 120타','2023-03-01','2023-03-04','0000-00-00','2023-03-01 14:32:14','2023-03-01 05:32:14'),(43,'slot','','','관리자','','','chong2','총판2','da1','대리점1','user3','사용자3','add_slot',0,5,27,'MO 120타','2023-03-15','2023-03-17','0000-00-00','2023-03-01 15:57:09','2023-03-01 06:57:09'),(44,'slot','','','관리자','','','chong1','총판1','da3','대리점3','user1','사용자1','add_slot',0,10,28,'MO 무한타','2023-03-01','2023-03-31','0000-00-00','2023-03-01 15:57:51','2023-03-01 06:57:51'),(45,'da2','chong1','','대리점2','총판1','','chong1','총판1','da2','대리점2','user4','사용자4','add_slot',0,10,27,'MO 120타','2023-03-01','2023-03-04','0000-00-00','2023-03-01 16:11:49','2023-03-01 07:11:49'),(46,'da2','chong1','','대리점2','총판1','','chong1','총판1','da2','대리점2','user4','사용자4','add_slot',0,10,27,'MO 120타','2023-03-01','2023-03-02','0000-00-00','2023-03-01 16:12:23','2023-03-01 07:12:23'),(47,'slot','','','관리자','','','','','','','slot','관리자','add_slot',0,1,25,'PC 무한타 T','0000-00-00','0000-00-00','0000-00-00','2023-03-02 06:17:05','2023-03-01 21:17:05'),(48,'slot','','','관리자','','','chong1','총판1','da3','대리점3','user1','사용자1','add_period',127,0,25,'PC 무한타 T','2023-03-01','2023-03-31','2023-04-01','2023-03-03 04:55:44','2023-03-02 19:55:44'),(49,'slot','','','관리자','','','chong1','총판1','da2','대리점2','user4','사용자4','add_period',126,0,27,'MO 120타','2023-03-01','2023-03-01','2023-03-02','2023-03-03 04:55:44','2023-03-02 19:55:44'),(50,'slot','','','관리자','','','chong1','총판1','da3','대리점3','user1','사용자1','add_period',127,0,25,'PC 무한타 T','2023-03-01','2023-03-30','2023-03-31','2023-03-03 04:55:51','2023-03-02 19:55:51'),(51,'slot','','','관리자','','','chong1','총판1','da2','대리점2','user4','사용자4','add_period',126,0,27,'MO 120타','2023-03-01','2023-02-28','2023-03-01','2023-03-03 04:55:51','2023-03-02 19:55:51'),(52,'slot','','','관리자','','','chong1','총판1','da2','대리점2','user4','사용자4','add_period',125,0,27,'MO 120타','2023-03-01','2023-03-01','2023-03-02','2023-03-03 04:55:51','2023-03-02 19:55:51'),(53,'slot','','','관리자','','','chong1','총판1','da2','대리점2','user4','사용자4','add_period',124,0,27,'MO 120타','2023-03-01','2023-03-01','2023-03-02','2023-03-03 04:55:51','2023-03-02 19:55:51'),(54,'slot','','','관리자','','','chong1','총판1','da2','대리점2','user4','사용자4','add_period',123,0,27,'MO 120타','2023-03-01','2023-03-01','2023-03-02','2023-03-03 04:55:51','2023-03-02 19:55:51'),(55,'slot','','','관리자','','','chong1','총판1','da2','대리점2','user4','사용자4','add_period',122,0,27,'MO 120타','2023-03-01','2023-03-01','2023-03-02','2023-03-03 04:55:51','2023-03-02 19:55:51'),(56,'slot','','','관리자','','','chong1','총판1','da2','대리점2','user4','사용자4','add_period',121,0,27,'MO 120타','2023-03-01','2023-03-01','2023-03-02','2023-03-03 04:55:51','2023-03-02 19:55:51'),(57,'slot','','','관리자','','','chong1','총판1','da2','대리점2','user4','사용자4','add_period',120,0,27,'MO 120타','2023-03-01','2023-03-01','2023-03-02','2023-03-03 04:55:51','2023-03-02 19:55:51'),(58,'slot','','','관리자','','','chong1','총판1','da2','대리점2','user4','사용자4','add_period',119,0,27,'MO 120타','2023-03-01','2023-03-01','2023-03-02','2023-03-03 04:55:51','2023-03-02 19:55:51'),(59,'slot','','','관리자','','','chong1','총판1','da2','대리점2','user4','사용자4','add_period',118,0,27,'MO 120타','2023-03-01','2023-03-01','2023-03-02','2023-03-03 04:55:51','2023-03-02 19:55:51'),(60,'slot','','','관리자','','','chong1','총판1','da2','대리점2','user4','사용자4','add_period',117,0,27,'MO 120타','2023-03-01','2023-03-01','2023-03-02','2023-03-03 04:55:51','2023-03-02 19:55:51'),(61,'slot','','','관리자','','','chong1','총판1','da2','대리점2','user4','사용자4','add_period',116,0,27,'MO 120타','2023-03-01','2023-03-03','2023-03-04','2023-03-03 04:55:51','2023-03-02 19:55:51'),(62,'slot','','','관리자','','','chong1','총판1','da2','대리점2','user4','사용자4','add_period',115,0,27,'MO 120타','2023-03-01','2023-03-03','2023-03-04','2023-03-03 04:55:51','2023-03-02 19:55:51'),(63,'slot','','','관리자','','','chong1','총판1','da2','대리점2','user4','사용자4','add_period',114,0,27,'MO 120타','2023-03-01','2023-03-03','2023-03-04','2023-03-03 04:55:51','2023-03-02 19:55:51'),(64,'slot','','','관리자','','','chong1','총판1','da2','대리점2','user4','사용자4','add_period',113,0,27,'MO 120타','2023-03-01','2023-03-03','2023-03-04','2023-03-03 04:55:51','2023-03-02 19:55:51'),(65,'slot','','','관리자','','','chong1','총판1','da2','대리점2','user4','사용자4','add_period',112,0,27,'MO 120타','2023-03-01','2023-03-03','2023-03-04','2023-03-03 04:55:51','2023-03-02 19:55:51'),(66,'slot','','','관리자','','','chong1','총판1','da2','대리점2','user4','사용자4','add_period',111,0,27,'MO 120타','2023-03-01','2023-03-03','2023-03-04','2023-03-03 04:55:51','2023-03-02 19:55:51'),(67,'slot','','','관리자','','','chong1','총판1','da2','대리점2','user4','사용자4','add_period',110,0,27,'MO 120타','2023-03-01','2023-03-03','2023-03-04','2023-03-03 04:55:51','2023-03-02 19:55:51'),(68,'slot','','','관리자','','','chong1','총판1','da2','대리점2','user4','사용자4','add_period',109,0,27,'MO 120타','2023-03-01','2023-03-03','2023-03-04','2023-03-03 04:55:51','2023-03-02 19:55:51'),(69,'slot','','','관리자','','','chong1','총판1','da2','대리점2','user4','사용자4','add_period',108,0,27,'MO 120타','2023-03-01','2023-03-03','2023-03-04','2023-03-03 04:55:51','2023-03-02 19:55:51'),(70,'slot','','','관리자','','','chong1','총판1','da3','대리점3','user1','사용자1','add_period',127,0,25,'PC 무한타 T','2023-03-01','2023-03-29','2023-03-30','2023-03-03 04:56:06','2023-03-02 19:56:06'),(71,'slot','','','관리자','','','chong1','총판1','da2','대리점2','user4','사용자4','add_period',126,0,27,'MO 120타','2023-03-01','2023-02-27','2023-02-28','2023-03-03 04:56:06','2023-03-02 19:56:06'),(72,'slot','','','관리자','','','chong1','총판1','da2','대리점2','user4','사용자4','add_period',125,0,27,'MO 120타','2023-03-01','2023-02-28','2023-03-01','2023-03-03 04:56:06','2023-03-02 19:56:06'),(73,'slot','','','관리자','','','chong1','총판1','da2','대리점2','user4','사용자4','add_period',124,0,27,'MO 120타','2023-03-01','2023-02-28','2023-03-01','2023-03-03 04:56:06','2023-03-02 19:56:06'),(74,'slot','','','관리자','','','chong1','총판1','da2','대리점2','user4','사용자4','add_period',123,0,27,'MO 120타','2023-03-01','2023-02-28','2023-03-01','2023-03-03 04:56:06','2023-03-02 19:56:06'),(75,'slot','','','관리자','','','chong1','총판1','da2','대리점2','user4','사용자4','add_period',122,0,27,'MO 120타','2023-03-01','2023-02-28','2023-03-01','2023-03-03 04:56:06','2023-03-02 19:56:06'),(76,'slot','','','관리자','','','chong1','총판1','da2','대리점2','user4','사용자4','add_period',121,0,27,'MO 120타','2023-03-01','2023-02-28','2023-03-01','2023-03-03 04:56:06','2023-03-02 19:56:06'),(77,'slot','','','관리자','','','chong1','총판1','da2','대리점2','user4','사용자4','add_period',120,0,27,'MO 120타','2023-03-01','2023-02-28','2023-03-01','2023-03-03 04:56:06','2023-03-02 19:56:06'),(78,'slot','','','관리자','','','chong1','총판1','da2','대리점2','user4','사용자4','add_period',119,0,27,'MO 120타','2023-03-01','2023-02-28','2023-03-01','2023-03-03 04:56:06','2023-03-02 19:56:06'),(79,'slot','','','관리자','','','chong1','총판1','da2','대리점2','user4','사용자4','add_period',118,0,27,'MO 120타','2023-03-01','2023-02-28','2023-03-01','2023-03-03 04:56:06','2023-03-02 19:56:06'),(80,'slot','','','관리자','','','chong1','총판1','da2','대리점2','user4','사용자4','add_period',117,0,27,'MO 120타','2023-03-01','2023-02-28','2023-03-01','2023-03-03 04:56:06','2023-03-02 19:56:06'),(81,'slot','','','관리자','','','chong1','총판1','da2','대리점2','user4','사용자4','add_period',116,0,27,'MO 120타','2023-03-01','2023-03-02','2023-03-03','2023-03-03 04:56:06','2023-03-02 19:56:06'),(82,'slot','','','관리자','','','chong1','총판1','da2','대리점2','user4','사용자4','add_period',115,0,27,'MO 120타','2023-03-01','2023-03-02','2023-03-03','2023-03-03 04:56:06','2023-03-02 19:56:06'),(83,'slot','','','관리자','','','chong1','총판1','da2','대리점2','user4','사용자4','add_period',114,0,27,'MO 120타','2023-03-01','2023-03-02','2023-03-03','2023-03-03 04:56:06','2023-03-02 19:56:06'),(84,'slot','','','관리자','','','chong1','총판1','da2','대리점2','user4','사용자4','add_period',113,0,27,'MO 120타','2023-03-01','2023-03-02','2023-03-03','2023-03-03 04:56:06','2023-03-02 19:56:06'),(85,'slot','','','관리자','','','chong1','총판1','da2','대리점2','user4','사용자4','add_period',112,0,27,'MO 120타','2023-03-01','2023-03-02','2023-03-03','2023-03-03 04:56:06','2023-03-02 19:56:06'),(86,'slot','','','관리자','','','chong1','총판1','da2','대리점2','user4','사용자4','add_period',111,0,27,'MO 120타','2023-03-01','2023-03-02','2023-03-03','2023-03-03 04:56:06','2023-03-02 19:56:06'),(87,'slot','','','관리자','','','chong1','총판1','da2','대리점2','user4','사용자4','add_period',110,0,27,'MO 120타','2023-03-01','2023-03-02','2023-03-03','2023-03-03 04:56:06','2023-03-02 19:56:06'),(88,'slot','','','관리자','','','chong1','총판1','da2','대리점2','user4','사용자4','add_period',109,0,27,'MO 120타','2023-03-01','2023-03-02','2023-03-03','2023-03-03 04:56:06','2023-03-02 19:56:06'),(89,'slot','','','관리자','','','chong1','총판1','da2','대리점2','user4','사용자4','add_period',108,0,27,'MO 120타','2023-03-01','2023-03-02','2023-03-03','2023-03-03 04:56:06','2023-03-02 19:56:06'),(90,'slot','','','관리자','','','chong1','총판1','da3','대리점3','user1','사용자1','add_period',127,0,25,'PC 무한타 T','2023-03-01','2023-04-01','2023-03-29','2023-03-04 22:50:06','2023-03-04 13:50:06'),(91,'slot','','','관리자','','','chong1','총판1','da3','대리점3','user1','사용자1','add_period',127,0,25,'PC 무한타 T','2023-03-01','2023-03-09','2023-04-01','2023-03-04 22:50:16','2023-03-04 13:50:16'),(92,'slot','','','관리자','','','chong1','총판1','da3','대리점3','user1','사용자1','add_slot',0,10,27,'MO 120타','2023-03-06','2023-03-10','0000-00-00','2023-03-06 11:21:42','2023-03-06 02:21:42'),(93,'slot','','','관리자','','','chong1','총판1','da3','대리점3','user1','사용자1','add_slot',0,10,26,'PC 120타','2023-03-06','2023-03-10','0000-00-00','2023-03-06 11:23:32','2023-03-06 02:23:32');
/*!40000 ALTER TABLE `k_log` ENABLE KEYS */;
UNLOCK TABLES;

--
-- Table structure for table `k_slot`
--

DROP TABLE IF EXISTS `k_slot`;
/*!40101 SET @saved_cs_client     = @@character_set_client */;
/*!40101 SET character_set_client = utf8 */;
CREATE TABLE `k_slot` (
  `seq` int(10) unsigned NOT NULL AUTO_INCREMENT COMMENT '슬롯아이디',
  `slot_type_seq` int(10) unsigned NOT NULL DEFAULT '0' COMMENT '슬롯타입아이디',
  `hit` int(10) unsigned NOT NULL DEFAULT '0' COMMENT '타수',
  `mb_id` varchar(50) CHARACTER SET utf8mb4 NOT NULL COMMENT '사용자 아이디',
  `start` date NOT NULL COMMENT '시작일',
  `end` date NOT NULL COMMENT '만료일',
  `rank_keyword` varchar(100) CHARACTER SET utf8mb4 DEFAULT '' COMMENT '순위측정검색어',
  `work_keyword` varchar(100) CHARACTER SET utf8mb4 NOT NULL DEFAULT '' COMMENT '작업검색어',
  `item_name` varchar(200) CHARACTER SET utf8mb4 COLLATE utf8mb4_german2_ci NOT NULL DEFAULT '' COMMENT '가격비교명or단품상품명',
  `price_mid` varchar(50) CHARACTER SET utf8mb4 NOT NULL DEFAULT '' COMMENT '가격비교MID',
  `contents_mid` varchar(50) CHARACTER SET utf8mb4 NOT NULL DEFAULT '' COMMENT '컨텐츠MID',
  `memo` varchar(200) CHARACTER SET utf8mb4 NOT NULL DEFAULT '' COMMENT '메모',
  `created` datetime NOT NULL COMMENT '생성일시',
  `updated` timestamp NOT NULL DEFAULT CURRENT_TIMESTAMP ON UPDATE CURRENT_TIMESTAMP COMMENT '수정일시',
  PRIMARY KEY (`seq`) USING BTREE
) ENGINE=MyISAM AUTO_INCREMENT=148 DEFAULT CHARSET=utf8 ROW_FORMAT=DYNAMIC;
/*!40101 SET character_set_client = @saved_cs_client */;

--
-- Dumping data for table `k_slot`
--

LOCK TABLES `k_slot` WRITE;
/*!40000 ALTER TABLE `k_slot` DISABLE KEYS */;
INSERT INTO `k_slot` VALUES (37,27,0,'user2','2023-02-26','2023-03-04','','','','','','','2023-02-26 04:06:35','2023-03-01 00:13:46'),(38,27,0,'user2','2023-02-26','2023-03-04','','','','','','','2023-02-26 04:06:35','2023-03-01 00:13:46'),(39,27,0,'user2','2023-02-26','2023-03-04','','','','','','','2023-02-26 04:06:35','2023-03-01 00:13:46'),(40,27,0,'user2','2023-02-26','2023-03-04','','','','','','','2023-02-26 04:06:35','2023-03-01 00:13:46'),(41,27,0,'user2','2023-02-26','2023-03-04','','','','','','','2023-02-26 04:06:35','2023-03-01 00:13:46'),(42,28,200,'user2','2023-02-26','2023-03-08','1','2','3','4','5','안녕\r\n하세요.\r\n메모\r\n를 남겨봅니다.','2023-02-26 05:17:26','2023-03-01 00:13:46'),(44,28,0,'user2','2023-02-26','2023-03-06','','','','','','','2023-02-26 05:17:26','2023-03-01 00:13:46'),(45,28,0,'user2','2023-02-26','2023-02-27','','','','','','','2023-02-26 05:17:26','2023-03-01 00:13:46'),(46,28,0,'user2','2023-02-26','2023-02-27','','','','','','','2023-02-26 05:17:26','2023-03-01 00:13:46'),(79,25,0,'user5','2023-03-01','2023-03-11','','','','','','','2023-03-01 11:01:31','2023-03-01 02:02:43'),(82,26,0,'user3','2023-03-01','2023-03-04','','','','','','','2023-03-01 14:32:14','2023-03-01 05:32:14'),(77,25,0,'user5','2023-03-01','2023-03-04','','','','','','','2023-03-01 11:01:31','2023-03-01 02:01:31'),(50,26,0,'user3','2023-03-01','2023-03-31','','','','','','','2023-03-01 10:35:15','2023-03-01 01:35:15'),(51,26,0,'user3','2023-03-01','2023-03-31','','','','','','','2023-03-01 10:35:15','2023-03-01 01:35:15'),(52,26,0,'user3','2023-03-01','2023-03-31','','','','','','','2023-03-01 10:35:15','2023-03-01 01:35:15'),(53,26,0,'user3','2023-03-01','2023-03-31','','','','','','','2023-03-01 10:35:15','2023-03-01 01:35:15'),(54,26,0,'user3','2023-03-01','2023-03-31','','','','','','','2023-03-01 10:35:15','2023-03-01 01:35:15'),(55,26,0,'user3','2023-03-01','2023-03-31','','','','','','','2023-03-01 10:35:15','2023-03-01 01:35:15'),(56,26,0,'user3','2023-03-01','2023-03-31','','','','','','','2023-03-01 10:35:15','2023-03-01 01:35:15'),(57,26,0,'user3','2023-03-01','2023-03-31','','','','','','','2023-03-01 10:35:15','2023-03-01 01:35:15'),(58,26,0,'user3','2023-03-01','2023-03-31','','','','','','','2023-03-01 10:35:15','2023-03-01 01:35:15'),(59,26,0,'user3','2023-03-01','2023-03-31','','','','','','','2023-03-01 10:35:15','2023-03-01 01:35:15'),(60,26,0,'user3','2023-03-01','2023-03-31','','','','','','','2023-03-01 10:35:15','2023-03-01 01:35:15'),(61,26,0,'user3','2023-03-01','2023-03-31','','','','','','','2023-03-01 10:35:15','2023-03-01 01:35:15'),(62,26,0,'user3','2023-03-01','2023-03-31','','','','','','','2023-03-01 10:35:15','2023-03-01 01:35:15'),(63,26,0,'user3','2023-03-01','2023-03-31','','','','','','','2023-03-01 10:35:15','2023-03-01 01:35:15'),(64,26,0,'user3','2023-03-01','2023-03-31','','','','','','','2023-03-01 10:35:15','2023-03-01 01:35:15'),(65,26,0,'user3','2023-03-01','2023-03-31','','','','','','','2023-03-01 10:35:15','2023-03-01 01:35:15'),(66,26,0,'user3','2023-03-01','2023-03-31','','','','','','','2023-03-01 10:35:15','2023-03-01 01:35:15'),(67,29,0,'user1','2023-03-02','2023-03-17','','','','','','','2023-03-01 10:40:39','2023-03-01 01:40:39'),(68,29,0,'user1','2023-03-02','2023-03-17','','','','','','','2023-03-01 10:40:39','2023-03-01 01:40:39'),(69,29,0,'user1','2023-03-02','2023-03-17','','','','','','','2023-03-01 10:40:39','2023-03-01 01:40:39'),(70,29,0,'user1','2023-03-02','2023-03-17','','','','','','','2023-03-01 10:40:39','2023-03-01 01:40:39'),(71,29,0,'user1','2023-03-02','2023-03-17','','','','','','','2023-03-01 10:40:39','2023-03-01 01:40:39'),(72,29,0,'user1','2023-03-02','2023-03-17','','','','','','','2023-03-01 10:40:39','2023-03-01 01:40:39'),(73,29,0,'user1','2023-03-02','2023-03-17','','','','','','','2023-03-01 10:40:39','2023-03-01 01:40:39'),(74,29,0,'user1','2023-03-02','2023-03-17','','','','','','','2023-03-01 10:40:39','2023-03-01 01:40:39'),(75,29,0,'user1','2023-03-02','2023-03-17','','','','','','','2023-03-01 10:40:39','2023-03-01 01:40:39'),(76,29,0,'user1','2023-03-02','2023-03-17','','','','','','','2023-03-01 10:40:39','2023-03-01 01:40:39'),(80,25,0,'user5','2023-03-01','2023-03-04','','','','','','','2023-03-01 11:01:31','2023-03-01 02:01:31'),(81,25,0,'user5','2023-03-01','2023-03-04','','','','','','','2023-03-01 11:01:31','2023-03-01 02:01:31'),(83,26,0,'user3','2023-03-01','2023-03-04','','','','','','','2023-03-01 14:32:14','2023-03-01 05:32:14'),(84,26,0,'user3','2023-03-01','2023-03-04','','','','','','','2023-03-01 14:32:14','2023-03-01 05:32:14'),(85,26,0,'user3','2023-03-01','2023-03-04','','','','','','','2023-03-01 14:32:14','2023-03-01 05:32:14'),(86,26,0,'user3','2023-03-01','2023-03-04','','','','','','','2023-03-01 14:32:14','2023-03-01 05:32:14'),(87,26,0,'user3','2023-03-01','2023-03-04','','','','','','','2023-03-01 14:32:14','2023-03-01 05:32:14'),(88,26,0,'user3','2023-03-01','2023-03-04','','','','','','','2023-03-01 14:32:14','2023-03-01 05:32:14'),(89,26,0,'user3','2023-03-01','2023-03-04','','','','','','','2023-03-01 14:32:14','2023-03-01 05:32:14'),(90,26,0,'user3','2023-03-01','2023-03-04','','','','','','','2023-03-01 14:32:14','2023-03-01 05:32:14'),(91,26,0,'user3','2023-03-01','2023-03-04','','','','','','','2023-03-01 14:32:14','2023-03-01 05:32:14'),(92,27,0,'user3','2023-03-15','2023-03-17','','','','','','','2023-03-01 15:57:09','2023-03-01 06:57:09'),(93,27,0,'user3','2023-03-15','2023-03-17','','','','','','','2023-03-01 15:57:09','2023-03-01 06:57:09'),(94,27,0,'user3','2023-03-15','2023-03-17','','','','','','','2023-03-01 15:57:09','2023-03-01 06:57:09'),(95,27,0,'user3','2023-03-15','2023-03-17','','','','','','','2023-03-01 15:57:09','2023-03-01 06:57:09'),(96,27,0,'user3','2023-03-15','2023-03-17','','','','','','','2023-03-01 15:57:09','2023-03-01 06:57:09'),(97,28,0,'user1','2023-03-01','2023-03-31','','','','','','','2023-03-01 15:57:51','2023-03-01 06:57:51'),(98,28,0,'user1','2023-03-01','2023-03-31','','','','','','','2023-03-01 15:57:51','2023-03-01 06:57:51'),(99,28,0,'user1','2023-03-01','2023-03-31','','','','','','','2023-03-01 15:57:51','2023-03-01 06:57:51'),(100,28,0,'user1','2023-03-01','2023-03-31','','','','','','','2023-03-01 15:57:51','2023-03-01 06:57:51'),(101,28,0,'user1','2023-03-01','2023-03-31','','','','','','','2023-03-01 15:57:51','2023-03-01 06:57:51'),(102,28,0,'user1','2023-03-01','2023-03-31','','','','','','','2023-03-01 15:57:51','2023-03-01 06:57:51'),(103,28,0,'user1','2023-03-01','2023-03-31','','','','','','','2023-03-01 15:57:51','2023-03-01 06:57:51'),(104,28,0,'user1','2023-03-01','2023-03-31','','','','','','','2023-03-01 15:57:51','2023-03-01 06:57:51'),(105,28,0,'user1','2023-03-01','2023-03-31','','','','','','','2023-03-01 15:57:51','2023-03-01 06:57:51'),(106,28,0,'user1','2023-03-01','2023-03-31','','','','','','','2023-03-01 15:57:51','2023-03-01 06:57:51'),(107,27,0,'user4','2023-03-01','2023-03-04','','','','','','','2023-03-01 16:11:49','2023-03-01 07:11:49'),(108,27,0,'user4','2023-03-01','2023-03-02','','','','','','','2023-03-01 16:11:49','2023-03-02 19:56:06'),(109,27,0,'user4','2023-03-01','2023-03-02','','','','','','','2023-03-01 16:11:49','2023-03-02 19:56:06'),(110,27,0,'user4','2023-03-01','2023-03-02','','','','','','','2023-03-01 16:11:49','2023-03-02 19:56:06'),(111,27,0,'user4','2023-03-01','2023-03-02','','','','','','','2023-03-01 16:11:49','2023-03-02 19:56:06'),(112,27,0,'user4','2023-03-01','2023-03-02','','','','','','','2023-03-01 16:11:49','2023-03-02 19:56:06'),(113,27,0,'user4','2023-03-01','2023-03-02','','','','','','','2023-03-01 16:11:49','2023-03-02 19:56:06'),(114,27,0,'user4','2023-03-01','2023-03-02','','','','','','','2023-03-01 16:11:49','2023-03-02 19:56:06'),(115,27,0,'user4','2023-03-01','2023-03-02','','','','','','','2023-03-01 16:11:49','2023-03-02 19:56:06'),(116,27,0,'user4','2023-03-01','2023-03-02','','','','','','','2023-03-01 16:11:49','2023-03-02 19:56:06'),(117,27,0,'user4','2023-03-01','2023-02-28','','','','','','','2023-03-01 16:12:23','2023-03-02 19:56:06'),(118,27,0,'user4','2023-03-01','2023-02-28','','','','','','','2023-03-01 16:12:23','2023-03-02 19:56:06'),(119,27,0,'user4','2023-03-01','2023-02-28','','','','','','','2023-03-01 16:12:23','2023-03-02 19:56:06'),(120,27,0,'user4','2023-03-01','2023-02-28','','','','','','','2023-03-01 16:12:23','2023-03-02 19:56:06'),(121,27,0,'user4','2023-03-01','2023-02-28','','','','','','','2023-03-01 16:12:23','2023-03-02 19:56:06'),(122,27,0,'user4','2023-03-01','2023-02-28','','','','','','','2023-03-01 16:12:23','2023-03-02 19:56:06'),(123,27,0,'user4','2023-03-01','2023-02-28','','','','','','','2023-03-01 16:12:23','2023-03-02 19:56:06'),(124,27,0,'user4','2023-03-01','2023-02-28','','','','','','','2023-03-01 16:12:23','2023-03-02 19:56:06'),(125,27,0,'user4','2023-03-01','2023-02-28','','','','','','','2023-03-01 16:12:23','2023-03-02 19:56:06'),(126,27,100,'user4','2023-03-01','2023-02-27','1','작업','비교명','비교MID','컨텐츠MID','메모','2023-03-01 16:12:23','2023-03-03 10:06:40'),(128,27,0,'user1','2023-03-06','2023-03-10','','','','','','','2023-03-06 11:21:42','2023-03-06 02:21:42'),(127,25,10,'user1','2023-03-01','2023-03-09','안전화','겨울안전화','상품명','28745185867','82599396267','테스트','2023-03-02 06:17:05','2023-03-04 13:50:16'),(129,27,0,'user1','2023-03-06','2023-03-10','','','','','','','2023-03-06 11:21:42','2023-03-06 02:21:42'),(130,27,0,'user1','2023-03-06','2023-03-10','','','','','','','2023-03-06 11:21:42','2023-03-06 02:21:42'),(131,27,0,'user1','2023-03-06','2023-03-10','','','','','','','2023-03-06 11:21:42','2023-03-06 02:21:42'),(132,27,0,'user1','2023-03-06','2023-03-10','','','','','','','2023-03-06 11:21:42','2023-03-06 02:21:42'),(133,27,0,'user1','2023-03-06','2023-03-10','','','','','','','2023-03-06 11:21:42','2023-03-06 02:21:42'),(134,27,0,'user1','2023-03-06','2023-03-10','','','','','','','2023-03-06 11:21:42','2023-03-06 02:21:42'),(135,27,0,'user1','2023-03-06','2023-03-10','','','','','','','2023-03-06 11:21:42','2023-03-06 02:21:42'),(136,27,0,'user1','2023-03-06','2023-03-10','','','','','','','2023-03-06 11:21:42','2023-03-06 02:21:42'),(137,27,0,'user1','2023-03-06','2023-03-10','','','','','','','2023-03-06 11:21:42','2023-03-06 02:21:42'),(138,26,0,'user1','2023-03-06','2023-03-10','','','','','','','2023-03-06 11:23:32','2023-03-06 02:23:32'),(139,26,0,'user1','2023-03-06','2023-03-10','','','','','','','2023-03-06 11:23:32','2023-03-06 02:23:32'),(140,26,0,'user1','2023-03-06','2023-03-10','','','','','','','2023-03-06 11:23:32','2023-03-06 02:23:32'),(141,26,0,'user1','2023-03-06','2023-03-10','','','','','','','2023-03-06 11:23:32','2023-03-06 02:23:32'),(142,26,0,'user1','2023-03-06','2023-03-10','','','','','','','2023-03-06 11:23:32','2023-03-06 02:23:32'),(143,26,0,'user1','2023-03-06','2023-03-10','','','','','','','2023-03-06 11:23:32','2023-03-06 02:23:32'),(144,26,0,'user1','2023-03-06','2023-03-10','','','','','','','2023-03-06 11:23:32','2023-03-06 02:23:32'),(145,26,0,'user1','2023-03-06','2023-03-10','','','','','','','2023-03-06 11:23:32','2023-03-06 02:23:32'),(146,26,0,'user1','2023-03-06','2023-03-10','','','','','','','2023-03-06 11:23:32','2023-03-06 02:23:32'),(147,26,0,'user1','2023-03-06','2023-03-10','','','','','','','2023-03-06 11:23:32','2023-03-06 02:23:32');
/*!40000 ALTER TABLE `k_slot` ENABLE KEYS */;
UNLOCK TABLES;

--
-- Table structure for table `k_slot_type`
--

DROP TABLE IF EXISTS `k_slot_type`;
/*!40101 SET @saved_cs_client     = @@character_set_client */;
/*!40101 SET character_set_client = utf8 */;
CREATE TABLE `k_slot_type` (
  `seq` int(10) unsigned NOT NULL AUTO_INCREMENT COMMENT '슬롯타입아이디',
  `name` varchar(50) CHARACTER SET utf8mb4 NOT NULL COMMENT '슬롯타입명',
  `is_duplicated` tinyint(3) unsigned NOT NULL DEFAULT '0' COMMENT '중복체크 여부',
  `is_tested` tinyint(3) unsigned NOT NULL DEFAULT '0' COMMENT '테스트 여부',
  `test_date` varchar(50) NOT NULL DEFAULT '' COMMENT '테스트 일자',
  `created` datetime NOT NULL COMMENT '생성일시',
  `updated` timestamp NOT NULL DEFAULT CURRENT_TIMESTAMP ON UPDATE CURRENT_TIMESTAMP COMMENT '수정일시',
  PRIMARY KEY (`seq`) USING BTREE
) ENGINE=MyISAM AUTO_INCREMENT=30 DEFAULT CHARSET=utf8 ROW_FORMAT=DYNAMIC;
/*!40101 SET character_set_client = @saved_cs_client */;

--
-- Dumping data for table `k_slot_type`
--

LOCK TABLES `k_slot_type` WRITE;
/*!40000 ALTER TABLE `k_slot_type` DISABLE KEYS */;
INSERT INTO `k_slot_type` VALUES (25,'PC 무한타 T',0,0,'','2023-02-19 05:54:04','2023-02-25 20:14:12'),(26,'PC 120타',0,0,'','2023-02-19 05:54:10','2023-02-25 18:10:35'),(27,'MO 120타',0,0,'','2023-02-19 05:54:21','2023-02-25 18:10:41'),(28,'MO 무한타',0,0,'','2023-02-19 18:56:18','2023-02-25 18:10:57'),(29,'PC 무한타',0,0,'','2023-02-26 03:11:01','2023-02-25 18:11:01');
/*!40000 ALTER TABLE `k_slot_type` ENABLE KEYS */;
UNLOCK TABLES;

--
-- Dumping routines for database 'proit_slot'
--
/*!40103 SET TIME_ZONE=@OLD_TIME_ZONE */;

/*!40101 SET SQL_MODE=@OLD_SQL_MODE */;
/*!40014 SET FOREIGN_KEY_CHECKS=@OLD_FOREIGN_KEY_CHECKS */;
/*!40014 SET UNIQUE_CHECKS=@OLD_UNIQUE_CHECKS */;
/*!40101 SET CHARACTER_SET_CLIENT=@OLD_CHARACTER_SET_CLIENT */;
/*!40101 SET CHARACTER_SET_RESULTS=@OLD_CHARACTER_SET_RESULTS */;
/*!40101 SET COLLATION_CONNECTION=@OLD_COLLATION_CONNECTION */;
/*!40111 SET SQL_NOTES=@OLD_SQL_NOTES */;

-- Dump completed on 2023-03-06 11:26:32
